<?xml version="1.0" encoding="UTF-8"?>
<COLLADA xmlns="http://www.collada.org/2005/11/COLLADASchema" version="1.4.1">
    <asset>
        <contributor>
            <author>VCGLab</author>
            <authoring_tool>VCGLib | MeshLab</authoring_tool>
        </contributor>
        <created>Wed Sep 27 10:41:02 2023 GMT</created>
        <modified>Wed Sep 27 10:41:02 2023 GMT</modified>
        <up_axis>Y_UP</up_axis>
    </asset>
    <library_geometries>
        <geometry id="shape0-lib" name="shape0">
            <mesh>
                <source id="shape0-lib-positions" name="position">
                    <float_array id="shape0-lib-positions-array" count="5712">3.1413 3.02923 3.35139 3.1413 3.02923 3.55139 3.1413 3.03923 3.35139 3.1413 3.03923 3.55139 2.5413 3.03923 3.35139 2.5413 3.02923 3.35139 2.54177 3.03923 3.33457 2.54177 3.02923 3.33457 2.54318 3.03923 3.3178 2.54318 3.02923 3.3178 2.54553 3.03923 3.30114 2.54553 3.02923 3.30114 2.54882 3.03923 3.28464 2.54882 3.02923 3.28464 2.55302 3.03923 3.26834 2.55302 3.02923 3.26834 2.55813 3.03923 3.25231 2.55813 3.02923 3.25231 2.56413 3.03923 3.23659 2.56413 3.02923 3.23659 2.57101 3.03923 3.22123 2.57101 3.02923 3.22123 2.57873 3.03923 3.20628 2.57873 3.02923 3.20628 2.58728 3.03923 3.19178 2.58728 3.02923 3.19178 2.59663 3.03923 3.17779 2.59663 3.02923 3.17779 2.60675 3.03923 3.16435 2.60675 3.02923 3.16435 2.6176 3.03923 3.15149 2.6176 3.02923 3.15149 2.62916 3.03923 3.13926 2.62916 3.02923 3.13926 2.64139 3.03923 3.1277 2.64139 3.02923 3.1277 2.65425 3.03923 3.11684 2.65425 3.02923 3.11684 2.66769 3.03923 3.10672 2.66769 3.02923 3.10672 2.68169 3.03923 3.09738 2.68169 3.02923 3.09738 2.69618 3.03923 3.08883 2.69618 3.02923 3.08883 2.71113 3.03923 3.0811 2.71113 3.02923 3.0811 2.72649 3.03923 3.07423 2.72649 3.02923 3.07423 2.74221 3.03923 3.06823 2.74221 3.02923 3.06823 2.75824 3.03923 3.06312 2.75824 3.02923 3.06312 2.77454 3.03923 3.05891 2.77454 3.02923 3.05891 2.79104 3.03923 3.05563 2.79104 3.02923 3.05563 2.80771 3.03923 3.05328 2.80771 3.02923 3.05328 2.82447 3.03923 3.05186 2.82447 3.02923 3.05186 2.8413 3.03923 3.05139 2.8413 3.02923 3.05139 2.85812 3.03923 3.05186 2.85812 3.02923 3.05186 2.87489 3.03923 3.05328 2.87489 3.02923 3.05328 2.89155 3.03923 3.05563 2.89155 3.02923 3.05563 2.90805 3.03923 3.05891 2.90805 3.02923 3.05891 2.92435 3.03923 3.06312 2.92435 3.02923 3.06312 2.94038 3.03923 3.06823 2.94038 3.02923 3.06823 2.9561 3.03923 3.07423 2.9561 3.02923 3.07423 2.97146 3.03923 3.0811 2.97146 3.02923 3.0811 2.98641 3.03923 3.08883 2.98641 3.02923 3.08883 3.00091 3.03923 3.09738 3.00091 3.02923 3.09738 3.0149 3.03923 3.10672 3.0149 3.02923 3.10672 3.02834 3.03923 3.11684 3.02834 3.02923 3.11684 3.0412 3.03923 3.1277 3.0412 3.02923 3.1277 3.05343 3.03923 3.13926 3.05343 3.02923 3.13926 3.06499 3.03923 3.15149 3.06499 3.02923 3.15149 3.07585 3.03923 3.16435 3.07585 3.02923 3.16435 3.08596 3.03923 3.17779 3.08596 3.02923 3.17779 3.09531 3.03923 3.19178 3.09531 3.02923 3.19178 3.10386 3.03923 3.20628 3.10386 3.02923 3.20628 3.11159 3.03923 3.22123 3.11159 3.02923 3.22123 3.11846 3.03923 3.23659 3.11846 3.02923 3.23659 3.12446 3.03923 3.25231 3.12446 3.02923 3.25231 3.12957 3.03923 3.26834 3.12957 3.02923 3.26834 3.13377 3.03923 3.28464 3.13377 3.02923 3.28464 3.13706 3.03923 3.30114 3.13706 3.02923 3.30114 3.13941 3.03923 3.3178 3.13941 3.02923 3.3178 3.14082 3.03923 3.33457 3.14082 3.02923 3.33457 2.5413 3.02923 3.55139 2.5413 3.03923 3.55139 3.14082 3.03923 3.56821 3.14082 3.02923 3.56821 3.13941 3.03923 3.58498 3.13941 3.02923 3.58498 3.13706 3.03923 3.60164 3.13706 3.02923 3.60164 3.13377 3.03923 3.61815 3.13377 3.02923 3.61815 3.12957 3.03923 3.63444 3.12957 3.02923 3.63444 3.12446 3.03923 3.65048 3.12446 3.02923 3.65048 3.11846 3.03923 3.6662 3.11846 3.02923 3.6662 3.11159 3.03923 3.68156 3.11159 3.02923 3.68156 3.10386 3.03923 3.69651 3.10386 3.02923 3.69651 3.09531 3.03923 3.711 3.09531 3.02923 3.711 3.08596 3.03923 3.72499 3.08596 3.02923 3.72499 3.07585 3.03923 3.73844 3.07585 3.02923 3.73844 3.06499 3.03923 3.7513 3.06499 3.02923 3.7513 3.05343 3.03923 3.76352 3.05343 3.02923 3.76352 3.0412 3.03923 3.77508 3.0412 3.02923 3.77508 3.02834 3.03923 3.78594 3.02834 3.02923 3.78594 3.0149 3.03923 3.79606 3.0149 3.02923 3.79606 3.00091 3.03923 3.80541 3.00091 3.02923 3.80541 2.98641 3.03923 3.81396 2.98641 3.02923 3.81396 2.97146 3.03923 3.82168 2.97146 3.02923 3.82168 2.9561 3.03923 3.82856 2.9561 3.02923 3.82856 2.94038 3.03923 3.83456 2.94038 3.02923 3.83456 2.92435 3.03923 3.83967 2.92435 3.02923 3.83967 2.90805 3.03923 3.84387 2.90805 3.02923 3.84387 2.89155 3.03923 3.84715 2.89155 3.02923 3.84715 2.87489 3.03923 3.84951 2.87489 3.02923 3.84951 2.85812 3.03923 3.85092 2.85812 3.02923 3.85092 2.8413 3.03923 3.85139 2.8413 3.02923 3.85139 2.82447 3.03923 3.85092 2.82447 3.02923 3.85092 2.80771 3.03923 3.84951 2.80771 3.02923 3.84951 2.79104 3.03923 3.84715 2.79104 3.02923 3.84715 2.77454 3.03923 3.84387 2.77454 3.02923 3.84387 2.75824 3.03923 3.83967 2.75824 3.02923 3.83967 2.74221 3.03923 3.83456 2.74221 3.02923 3.83456 2.72649 3.03923 3.82856 2.72649 3.02923 3.82856 2.71113 3.03923 3.82168 2.71113 3.02923 3.82168 2.69618 3.03923 3.81396 2.69618 3.02923 3.81396 2.68169 3.03923 3.80541 2.68169 3.02923 3.80541 2.66769 3.03923 3.79606 2.66769 3.02923 3.79606 2.65425 3.03923 3.78594 2.65425 3.02923 3.78594 2.64139 3.03923 3.77508 2.64139 3.02923 3.77508 2.62916 3.03923 3.76352 2.62916 3.02923 3.76352 2.6176 3.03923 3.7513 2.6176 3.02923 3.7513 2.60675 3.03923 3.73844 2.60675 3.02923 3.73844 2.59663 3.03923 3.72499 2.59663 3.02923 3.72499 2.58728 3.03923 3.711 2.58728 3.02923 3.711 2.57873 3.03923 3.69651 2.57873 3.02923 3.69651 2.57101 3.03923 3.68156 2.57101 3.02923 3.68156 2.56413 3.03923 3.6662 2.56413 3.02923 3.6662 2.55813 3.03923 3.65048 2.55813 3.02923 3.65048 2.55302 3.03923 3.63444 2.55302 3.02923 3.63444 2.54882 3.03923 3.61815 2.54882 3.02923 3.61815 2.54553 3.03923 3.60164 2.54553 3.02923 3.60164 2.54318 3.03923 3.58498 2.54318 3.02923 3.58498 2.54177 3.03923 3.56821 2.54177 3.02923 3.56821 3.3413 3.02923 0.251392 3.3413 3.03923 0.251392 3.34082 3.02923 0.234571 3.34082 3.03923 0.234571 3.33941 3.02923 0.217803 3.33941 3.03923 0.217803 3.33706 3.02923 0.201141 3.33706 3.03923 0.201141 3.33377 3.02923 0.184636 3.33377 3.03923 0.184636 3.32957 3.02923 0.168342 3.32957 3.03923 0.168342 3.32446 3.02923 0.152309 3.32446 3.03923 0.152309 3.31846 3.02923 0.136587 3.31846 3.03923 0.136587 3.31159 3.02923 0.121227 3.31159 3.03923 0.121227 3.30386 3.02923 0.106277 3.30386 3.03923 0.106277 3.29531 3.02923 0.0917828 3.29531 3.03923 0.0917828 3.28596 3.02923 0.077791 3.28596 3.03923 0.077791 3.27585 3.02923 0.0643455 3.27585 3.03923 0.0643455 3.26499 3.02923 0.0514884 3.26499 3.03923 0.0514884 3.25343 3.02923 0.0392604 3.25343 3.03923 0.0392604 3.2412 3.02923 0.0276998 3.2412 3.03923 0.0276998 3.22834 3.02923 0.016843 3.22834 3.03923 0.016843 3.2149 3.02923 0.00672416 3.2149 3.03923 0.00672416 3.20091 3.02923 -0.00262483 3.20091 3.03923 -0.00262483 3.18641 3.02923 -0.0111746 3.18641 3.03923 -0.0111746 3.17146 3.02923 -0.0188982 3.17146 3.03923 -0.0188982 3.1561 3.02923 -0.0257714 3.1561 3.03923 -0.0257714 3.14038 3.02923 -0.0317726 3.14038 3.03923 -0.0317726 3.12435 3.02923 -0.0368828 3.12435 3.03923 -0.0368828 3.10805 3.02923 -0.041086 3.10805 3.03923 -0.041086 3.09155 3.02923 -0.0443689 3.09155 3.03923 -0.0443689 3.07488 3.02923 -0.0467212 3.07488 3.03923 -0.0467212 3.05812 3.02923 -0.0481356 3.05812 3.03923 -0.0481356 3.0413 3.02923 -0.0486076 3.0413 3.03923 -0.0486076 3.02447 3.02923 -0.0481356 3.02447 3.03923 -0.0481356 3.00771 3.02923 -0.0467212 3.00771 3.03923 -0.0467212 2.99104 3.02923 -0.0443689 2.99104 3.03923 -0.0443689 2.97454 3.02923 -0.041086 2.97454 3.03923 -0.041086 2.95825 3.02923 -0.0368828 2.95825 3.03923 -0.0368828 2.94221 3.02923 -0.0317726 2.94221 3.03923 -0.0317726 2.92649 3.02923 -0.0257714 2.92649 3.03923 -0.0257714 2.91113 3.02923 -0.0188982 2.91113 3.03923 -0.0188982 2.89618 3.02923 -0.0111746 2.89618 3.03923 -0.0111746 2.88169 3.02923 -0.00262483 2.88169 3.03923 -0.00262483 2.86769 3.02923 0.00672416 2.86769 3.03923 0.00672416 2.85425 3.02923 0.016843 2.85425 3.03923 0.016843 2.84139 3.02923 0.0276998 2.84139 3.03923 0.0276998 2.82916 3.02923 0.0392604 2.82916 3.03923 0.0392604 2.8176 3.02923 0.0514884 2.8176 3.03923 0.0514884 2.80675 3.02923 0.0643455 2.80675 3.03923 0.0643455 2.79663 3.02923 0.077791 2.79663 3.03923 0.077791 2.78728 3.02923 0.0917828 2.78728 3.03923 0.0917828 2.77873 3.02923 0.106277 2.77873 3.03923 0.106277 2.771 3.02923 0.121227 2.771 3.03923 0.121227 2.76413 3.02923 0.136587 2.76413 3.03923 0.136587 2.75813 3.02923 0.152309 2.75813 3.03923 0.152309 2.75302 3.02923 0.168342 2.75302 3.03923 0.168342 2.74882 3.02923 0.184636 2.74882 3.03923 0.184636 2.74553 3.02923 0.201141 2.74553 3.03923 0.201141 2.74318 3.02923 0.217803 2.74318 3.03923 0.217803 2.74177 3.02923 0.234571 2.74177 3.03923 0.234571 2.7413 3.02923 0.251392 2.7413 3.03923 0.251392 2.7413 3.02923 0.451392 2.7413 3.03923 0.451392 2.74177 3.02923 0.468214 2.74177 3.03923 0.468214 2.74318 3.02923 0.484982 2.74318 3.03923 0.484982 2.74553 3.02923 0.501644 2.74553 3.03923 0.501644 2.74882 3.02923 0.518149 2.74882 3.03923 0.518149 2.75302 3.02923 0.534443 2.75302 3.03923 0.534443 2.75813 3.02923 0.550476 2.75813 3.03923 0.550476 2.76413 3.02923 0.566198 2.76413 3.03923 0.566198 2.771 3.02923 0.581558 2.771 3.03923 0.581558 2.77873 3.02923 0.596508 2.77873 3.03923 0.596508 2.78728 3.02923 0.611002 2.78728 3.03923 0.611002 2.79663 3.02923 0.624994 2.79663 3.03923 0.624994 2.80675 3.02923 0.638439 2.80675 3.03923 0.638439 2.8176 3.02923 0.651296 2.8176 3.03923 0.651296 2.82916 3.02923 0.663525 2.82916 3.03923 0.663525 2.84139 3.02923 0.675085 2.84139 3.03923 0.675085 2.85425 3.02923 0.685942 2.85425 3.03923 0.685942 2.86769 3.02923 0.696061 2.86769 3.03923 0.696061 2.88169 3.02923 0.70541 2.88169 3.03923 0.70541 2.89618 3.02923 0.713959 2.89618 3.03923 0.713959 2.91113 3.02923 0.721683 2.91113 3.03923 0.721683 2.92649 3.02923 0.728556 2.92649 3.03923 0.728556 2.94221 3.02923 0.734557 2.94221 3.03923 0.734557 2.95825 3.02923 0.739668 2.95825 3.03923 0.739668 2.97454 3.02923 0.743871 2.97454 3.03923 0.743871 2.99104 3.02923 0.747154 2.99104 3.03923 0.747154 3.00771 3.02923 0.749506 3.00771 3.03923 0.749506 3.02447 3.02923 0.750921 3.02447 3.03923 0.750921 3.0413 3.02923 0.751392 3.0413 3.03923 0.751392 3.05812 3.02923 0.750921 3.05812 3.03923 0.750921 3.07488 3.02923 0.749506 3.07488 3.03923 0.749506 3.09155 3.02923 0.747154 3.09155 3.03923 0.747154 3.10805 3.02923 0.743871 3.10805 3.03923 0.743871 3.12435 3.02923 0.739668 3.12435 3.03923 0.739668 3.14038 3.02923 0.734557 3.14038 3.03923 0.734557 3.1561 3.02923 0.728556 3.1561 3.03923 0.728556 3.17146 3.02923 0.721683 3.17146 3.03923 0.721683 3.18641 3.02923 0.713959 3.18641 3.03923 0.713959 3.20091 3.02923 0.70541 3.20091 3.03923 0.70541 3.2149 3.02923 0.696061 3.2149 3.03923 0.696061 3.22834 3.02923 0.685942 3.22834 3.03923 0.685942 3.2412 3.02923 0.675085 3.2412 3.03923 0.675085 3.25343 3.02923 0.663525 3.25343 3.03923 0.663525 3.26499 3.02923 0.651296 3.26499 3.03923 0.651296 3.27585 3.02923 0.638439 3.27585 3.03923 0.638439 3.28596 3.02923 0.624994 3.28596 3.03923 0.624994 3.29531 3.02923 0.611002 3.29531 3.03923 0.611002 3.30386 3.02923 0.596508 3.30386 3.03923 0.596508 3.31159 3.02923 0.581558 3.31159 3.03923 0.581558 3.31846 3.02923 0.566198 3.31846 3.03923 0.566198 3.32446 3.02923 0.550476 3.32446 3.03923 0.550476 3.32957 3.02923 0.534443 3.32957 3.03923 0.534443 3.33377 3.02923 0.518149 3.33377 3.03923 0.518149 3.33706 3.02923 0.501644 3.33706 3.03923 0.501644 3.33941 3.02923 0.484982 3.33941 3.03923 0.484982 3.34082 3.02923 0.468214 3.34082 3.03923 0.468214 3.3413 3.02923 0.451392 3.3413 3.03923 0.451392 4.1413 3.03923 4.55139 1.7413 3.03923 4.55139 4.1413 3.03923 -0.448608 1.7413 3.03923 -0.448608 1.7413 3.02923 4.55139 4.1413 3.02923 4.55139 1.7413 3.02923 -0.448608 4.1413 3.02923 -0.448608 4.1413 -13.7608 4.57101 4.1413 -13.7608 -0.428994 1.7413 -13.7608 4.57101 1.7413 -13.7608 -0.428994 4.1413 -13.7708 -0.428994 4.1413 -13.7708 4.57101 1.7413 -13.7708 -0.428994 1.7413 -13.7708 4.57101 3.1413 -5.37077 3.35139 3.1413 -5.37077 3.55139 3.1413 -5.36077 3.35139 3.1413 -5.36077 3.55139 2.5413 -5.36077 3.35139 2.5413 -5.37077 3.35139 2.54177 -5.36077 3.33457 2.54177 -5.37077 3.33457 2.54318 -5.36077 3.3178 2.54318 -5.37077 3.3178 2.54553 -5.36077 3.30114 2.54553 -5.37077 3.30114 2.54882 -5.36077 3.28464 2.54882 -5.37077 3.28464 2.55302 -5.36077 3.26834 2.55302 -5.37077 3.26834 2.55813 -5.36077 3.25231 2.55813 -5.37077 3.25231 2.56413 -5.36077 3.23659 2.56413 -5.37077 3.23659 2.57101 -5.36077 3.22123 2.57101 -5.37077 3.22123 2.57873 -5.36077 3.20628 2.57873 -5.37077 3.20628 2.58728 -5.36077 3.19178 2.58728 -5.37077 3.19178 2.59663 -5.36077 3.17779 2.59663 -5.37077 3.17779 2.60675 -5.36077 3.16435 2.60675 -5.37077 3.16435 2.6176 -5.36077 3.15149 2.6176 -5.37077 3.15149 2.62916 -5.36077 3.13926 2.62916 -5.37077 3.13926 2.64139 -5.36077 3.1277 2.64139 -5.37077 3.1277 2.65425 -5.36077 3.11684 2.65425 -5.37077 3.11684 2.66769 -5.36077 3.10672 2.66769 -5.37077 3.10672 2.68169 -5.36077 3.09738 2.68169 -5.37077 3.09738 2.69618 -5.36077 3.08883 2.69618 -5.37077 3.08883 2.71113 -5.36077 3.0811 2.71113 -5.37077 3.0811 2.72649 -5.36077 3.07423 2.72649 -5.37077 3.07423 2.74221 -5.36077 3.06823 2.74221 -5.37077 3.06823 2.75824 -5.36077 3.06312 2.75824 -5.37077 3.06312 2.77454 -5.36077 3.05891 2.77454 -5.37077 3.05891 2.79104 -5.36077 3.05563 2.79104 -5.37077 3.05563 2.80771 -5.36077 3.05328 2.80771 -5.37077 3.05328 2.82447 -5.36077 3.05186 2.82447 -5.37077 3.05186 2.8413 -5.36077 3.05139 2.8413 -5.37077 3.05139 2.85812 -5.36077 3.05186 2.85812 -5.37077 3.05186 2.87489 -5.36077 3.05328 2.87489 -5.37077 3.05328 2.89155 -5.36077 3.05563 2.89155 -5.37077 3.05563 2.90805 -5.36077 3.05891 2.90805 -5.37077 3.05891 2.92435 -5.36077 3.06312 2.92435 -5.37077 3.06312 2.94038 -5.36077 3.06823 2.94038 -5.37077 3.06823 2.9561 -5.36077 3.07423 2.9561 -5.37077 3.07423 2.97146 -5.36077 3.0811 2.97146 -5.37077 3.0811 2.98641 -5.36077 3.08883 2.98641 -5.37077 3.08883 3.00091 -5.36077 3.09738 3.00091 -5.37077 3.09738 3.0149 -5.36077 3.10672 3.0149 -5.37077 3.10672 3.02834 -5.36077 3.11684 3.02834 -5.37077 3.11684 3.0412 -5.36077 3.1277 3.0412 -5.37077 3.1277 3.05343 -5.36077 3.13926 3.05343 -5.37077 3.13926 3.06499 -5.36077 3.15149 3.06499 -5.37077 3.15149 3.07585 -5.36077 3.16435 3.07585 -5.37077 3.16435 3.08596 -5.36077 3.17779 3.08596 -5.37077 3.17779 3.09531 -5.36077 3.19178 3.09531 -5.37077 3.19178 3.10386 -5.36077 3.20628 3.10386 -5.37077 3.20628 3.11159 -5.36077 3.22123 3.11159 -5.37077 3.22123 3.11846 -5.36077 3.23659 3.11846 -5.37077 3.23659 3.12446 -5.36077 3.25231 3.12446 -5.37077 3.25231 3.12957 -5.36077 3.26834 3.12957 -5.37077 3.26834 3.13377 -5.36077 3.28464 3.13377 -5.37077 3.28464 3.13706 -5.36077 3.30114 3.13706 -5.37077 3.30114 3.13941 -5.36077 3.3178 3.13941 -5.37077 3.3178 3.14082 -5.36077 3.33457 3.14082 -5.37077 3.33457 2.5413 -5.37077 3.55139 2.5413 -5.36077 3.55139 3.14082 -5.36077 3.56821 3.14082 -5.37077 3.56821 3.13941 -5.36077 3.58498 3.13941 -5.37077 3.58498 3.13706 -5.36077 3.60164 3.13706 -5.37077 3.60164 3.13377 -5.36077 3.61815 3.13377 -5.37077 3.61815 3.12957 -5.36077 3.63444 3.12957 -5.37077 3.63444 3.12446 -5.36077 3.65048 3.12446 -5.37077 3.65048 3.11846 -5.36077 3.6662 3.11846 -5.37077 3.6662 3.11159 -5.36077 3.68156 3.11159 -5.37077 3.68156 3.10386 -5.36077 3.69651 3.10386 -5.37077 3.69651 3.09531 -5.36077 3.711 3.09531 -5.37077 3.711 3.08596 -5.36077 3.72499 3.08596 -5.37077 3.72499 3.07585 -5.36077 3.73844 3.07585 -5.37077 3.73844 3.06499 -5.36077 3.7513 3.06499 -5.37077 3.7513 3.05343 -5.36077 3.76352 3.05343 -5.37077 3.76352 3.0412 -5.36077 3.77508 3.0412 -5.37077 3.77508 3.02834 -5.36077 3.78594 3.02834 -5.37077 3.78594 3.0149 -5.36077 3.79606 3.0149 -5.37077 3.79606 3.00091 -5.36077 3.80541 3.00091 -5.37077 3.80541 2.98641 -5.36077 3.81396 2.98641 -5.37077 3.81396 2.97146 -5.36077 3.82168 2.97146 -5.37077 3.82168 2.9561 -5.36077 3.82856 2.9561 -5.37077 3.82856 2.94038 -5.36077 3.83456 2.94038 -5.37077 3.83456 2.92435 -5.36077 3.83967 2.92435 -5.37077 3.83967 2.90805 -5.36077 3.84387 2.90805 -5.37077 3.84387 2.89155 -5.36077 3.84715 2.89155 -5.37077 3.84715 2.87489 -5.36077 3.84951 2.87489 -5.37077 3.84951 2.85812 -5.36077 3.85092 2.85812 -5.37077 3.85092 2.8413 -5.36077 3.85139 2.8413 -5.37077 3.85139 2.82447 -5.36077 3.85092 2.82447 -5.37077 3.85092 2.80771 -5.36077 3.84951 2.80771 -5.37077 3.84951 2.79104 -5.36077 3.84715 2.79104 -5.37077 3.84715 2.77454 -5.36077 3.84387 2.77454 -5.37077 3.84387 2.75824 -5.36077 3.83967 2.75824 -5.37077 3.83967 2.74221 -5.36077 3.83456 2.74221 -5.37077 3.83456 2.72649 -5.36077 3.82856 2.72649 -5.37077 3.82856 2.71113 -5.36077 3.82168 2.71113 -5.37077 3.82168 2.69618 -5.36077 3.81396 2.69618 -5.37077 3.81396 2.68169 -5.36077 3.80541 2.68169 -5.37077 3.80541 2.66769 -5.36077 3.79606 2.66769 -5.37077 3.79606 2.65425 -5.36077 3.78594 2.65425 -5.37077 3.78594 2.64139 -5.36077 3.77508 2.64139 -5.37077 3.77508 2.62916 -5.36077 3.76352 2.62916 -5.37077 3.76352 2.6176 -5.36077 3.7513 2.6176 -5.37077 3.7513 2.60675 -5.36077 3.73844 2.60675 -5.37077 3.73844 2.59663 -5.36077 3.72499 2.59663 -5.37077 3.72499 2.58728 -5.36077 3.711 2.58728 -5.37077 3.711 2.57873 -5.36077 3.69651 2.57873 -5.37077 3.69651 2.57101 -5.36077 3.68156 2.57101 -5.37077 3.68156 2.56413 -5.36077 3.6662 2.56413 -5.37077 3.6662 2.55813 -5.36077 3.65048 2.55813 -5.37077 3.65048 2.55302 -5.36077 3.63444 2.55302 -5.37077 3.63444 2.54882 -5.36077 3.61815 2.54882 -5.37077 3.61815 2.54553 -5.36077 3.60164 2.54553 -5.37077 3.60164 2.54318 -5.36077 3.58498 2.54318 -5.37077 3.58498 2.54177 -5.36077 3.56821 2.54177 -5.37077 3.56821 3.3413 -5.37077 0.251392 3.3413 -5.36077 0.251392 3.34082 -5.37077 0.234571 3.34082 -5.36077 0.234571 3.33941 -5.37077 0.217803 3.33941 -5.36077 0.217803 3.33706 -5.37077 0.201141 3.33706 -5.36077 0.201141 3.33377 -5.37077 0.184636 3.33377 -5.36077 0.184636 3.32957 -5.37077 0.168342 3.32957 -5.36077 0.168342 3.32446 -5.37077 0.152309 3.32446 -5.36077 0.152309 3.31846 -5.37077 0.136587 3.31846 -5.36077 0.136587 3.31159 -5.37077 0.121227 3.31159 -5.36077 0.121227 3.30386 -5.37077 0.106277 3.30386 -5.36077 0.106277 3.29531 -5.37077 0.0917828 3.29531 -5.36077 0.0917828 3.28596 -5.37077 0.077791 3.28596 -5.36077 0.077791 3.27585 -5.37077 0.0643455 3.27585 -5.36077 0.0643455 3.26499 -5.37077 0.0514884 3.26499 -5.36077 0.0514884 3.25343 -5.37077 0.0392604 3.25343 -5.36077 0.0392604 3.2412 -5.37077 0.0276998 3.2412 -5.36077 0.0276998 3.22834 -5.37077 0.016843 3.22834 -5.36077 0.016843 3.2149 -5.37077 0.00672416 3.2149 -5.36077 0.00672416 3.20091 -5.37077 -0.00262483 3.20091 -5.36077 -0.00262483 3.18641 -5.37077 -0.0111746 3.18641 -5.36077 -0.0111746 3.17146 -5.37077 -0.0188982 3.17146 -5.36077 -0.0188982 3.1561 -5.37077 -0.0257714 3.1561 -5.36077 -0.0257714 3.14038 -5.37077 -0.0317726 3.14038 -5.36077 -0.0317726 3.12435 -5.37077 -0.0368828 3.12435 -5.36077 -0.0368828 3.10805 -5.37077 -0.041086 3.10805 -5.36077 -0.041086 3.09155 -5.37077 -0.0443689 3.09155 -5.36077 -0.0443689 3.07488 -5.37077 -0.0467212 3.07488 -5.36077 -0.0467212 3.05812 -5.37077 -0.0481356 3.05812 -5.36077 -0.0481356 3.0413 -5.37077 -0.0486076 3.0413 -5.36077 -0.0486076 3.02447 -5.37077 -0.0481356 3.02447 -5.36077 -0.0481356 3.00771 -5.37077 -0.0467212 3.00771 -5.36077 -0.0467212 2.99104 -5.37077 -0.0443689 2.99104 -5.36077 -0.0443689 2.97454 -5.37077 -0.041086 2.97454 -5.36077 -0.041086 2.95825 -5.37077 -0.0368828 2.95825 -5.36077 -0.0368828 2.94221 -5.37077 -0.0317726 2.94221 -5.36077 -0.0317726 2.92649 -5.37077 -0.0257714 2.92649 -5.36077 -0.0257714 2.91113 -5.37077 -0.0188982 2.91113 -5.36077 -0.0188982 2.89618 -5.37077 -0.0111746 2.89618 -5.36077 -0.0111746 2.88169 -5.37077 -0.00262483 2.88169 -5.36077 -0.00262483 2.86769 -5.37077 0.00672416 2.86769 -5.36077 0.00672416 2.85425 -5.37077 0.016843 2.85425 -5.36077 0.016843 2.84139 -5.37077 0.0276998 2.84139 -5.36077 0.0276998 2.82916 -5.37077 0.0392604 2.82916 -5.36077 0.0392604 2.8176 -5.37077 0.0514884 2.8176 -5.36077 0.0514884 2.80675 -5.37077 0.0643455 2.80675 -5.36077 0.0643455 2.79663 -5.37077 0.077791 2.79663 -5.36077 0.077791 2.78728 -5.37077 0.0917828 2.78728 -5.36077 0.0917828 2.77873 -5.37077 0.106277 2.77873 -5.36077 0.106277 2.771 -5.37077 0.121227 2.771 -5.36077 0.121227 2.76413 -5.37077 0.136587 2.76413 -5.36077 0.136587 2.75813 -5.37077 0.152309 2.75813 -5.36077 0.152309 2.75302 -5.37077 0.168342 2.75302 -5.36077 0.168342 2.74882 -5.37077 0.184636 2.74882 -5.36077 0.184636 2.74553 -5.37077 0.201141 2.74553 -5.36077 0.201141 2.74318 -5.37077 0.217803 2.74318 -5.36077 0.217803 2.74177 -5.37077 0.234571 2.74177 -5.36077 0.234571 2.7413 -5.37077 0.251392 2.7413 -5.36077 0.251392 2.7413 -5.37077 0.451392 2.7413 -5.36077 0.451392 2.74177 -5.37077 0.468214 2.74177 -5.36077 0.468214 2.74318 -5.37077 0.484982 2.74318 -5.36077 0.484982 2.74553 -5.37077 0.501644 2.74553 -5.36077 0.501644 2.74882 -5.37077 0.518149 2.74882 -5.36077 0.518149 2.75302 -5.37077 0.534443 2.75302 -5.36077 0.534443 2.75813 -5.37077 0.550476 2.75813 -5.36077 0.550476 2.76413 -5.37077 0.566198 2.76413 -5.36077 0.566198 2.771 -5.37077 0.581558 2.771 -5.36077 0.581558 2.77873 -5.37077 0.596508 2.77873 -5.36077 0.596508 2.78728 -5.37077 0.611002 2.78728 -5.36077 0.611002 2.79663 -5.37077 0.624994 2.79663 -5.36077 0.624994 2.80675 -5.37077 0.638439 2.80675 -5.36077 0.638439 2.8176 -5.37077 0.651296 2.8176 -5.36077 0.651296 2.82916 -5.37077 0.663525 2.82916 -5.36077 0.663525 2.84139 -5.37077 0.675085 2.84139 -5.36077 0.675085 2.85425 -5.37077 0.685942 2.85425 -5.36077 0.685942 2.86769 -5.37077 0.696061 2.86769 -5.36077 0.696061 2.88169 -5.37077 0.70541 2.88169 -5.36077 0.70541 2.89618 -5.37077 0.713959 2.89618 -5.36077 0.713959 2.91113 -5.37077 0.721683 2.91113 -5.36077 0.721683 2.92649 -5.37077 0.728556 2.92649 -5.36077 0.728556 2.94221 -5.37077 0.734557 2.94221 -5.36077 0.734557 2.95825 -5.37077 0.739668 2.95825 -5.36077 0.739668 2.97454 -5.37077 0.743871 2.97454 -5.36077 0.743871 2.99104 -5.37077 0.747154 2.99104 -5.36077 0.747154 3.00771 -5.37077 0.749506 3.00771 -5.36077 0.749506 3.02447 -5.37077 0.750921 3.02447 -5.36077 0.750921 3.0413 -5.37077 0.751392 3.0413 -5.36077 0.751392 3.05812 -5.37077 0.750921 3.05812 -5.36077 0.750921 3.07488 -5.37077 0.749506 3.07488 -5.36077 0.749506 3.09155 -5.37077 0.747154 3.09155 -5.36077 0.747154 3.10805 -5.37077 0.743871 3.10805 -5.36077 0.743871 3.12435 -5.37077 0.739668 3.12435 -5.36077 0.739668 3.14038 -5.37077 0.734557 3.14038 -5.36077 0.734557 3.1561 -5.37077 0.728556 3.1561 -5.36077 0.728556 3.17146 -5.37077 0.721683 3.17146 -5.36077 0.721683 3.18641 -5.37077 0.713959 3.18641 -5.36077 0.713959 3.20091 -5.37077 0.70541 3.20091 -5.36077 0.70541 3.2149 -5.37077 0.696061 3.2149 -5.36077 0.696061 3.22834 -5.37077 0.685942 3.22834 -5.36077 0.685942 3.2412 -5.37077 0.675085 3.2412 -5.36077 0.675085 3.25343 -5.37077 0.663525 3.25343 -5.36077 0.663525 3.26499 -5.37077 0.651296 3.26499 -5.36077 0.651296 3.27585 -5.37077 0.638439 3.27585 -5.36077 0.638439 3.28596 -5.37077 0.624994 3.28596 -5.36077 0.624994 3.29531 -5.37077 0.611002 3.29531 -5.36077 0.611002 3.30386 -5.37077 0.596508 3.30386 -5.36077 0.596508 3.31159 -5.37077 0.581558 3.31159 -5.36077 0.581558 3.31846 -5.37077 0.566198 3.31846 -5.36077 0.566198 3.32446 -5.37077 0.550476 3.32446 -5.36077 0.550476 3.32957 -5.37077 0.534443 3.32957 -5.36077 0.534443 3.33377 -5.37077 0.518149 3.33377 -5.36077 0.518149 3.33706 -5.37077 0.501644 3.33706 -5.36077 0.501644 3.33941 -5.37077 0.484982 3.33941 -5.36077 0.484982 3.34082 -5.37077 0.468214 3.34082 -5.36077 0.468214 3.3413 -5.37077 0.451392 3.3413 -5.36077 0.451392 4.1413 -5.36077 4.55139 1.7413 -5.36077 4.55139 4.1413 -5.36077 -0.448608 1.7413 -5.36077 -0.448608 1.7413 -5.37077 4.55139 4.1413 -5.37077 4.55139 1.7413 -5.37077 -0.448608 4.1413 -5.37077 -0.448608 4.1413 7.23423 -0.453994 4.1413 -13.7658 -0.453994 1.7413 7.23423 -0.453994 1.7413 -13.7658 -0.453994 4.1413 -13.7658 -0.428994 4.1413 7.23423 -0.428994 1.7413 -13.7658 -0.428994 1.7413 7.23423 -0.428994 4.1413 7.23923 4.57101 4.1413 7.23923 -0.428994 1.7413 7.23923 4.57101 1.7413 7.23923 -0.428994 4.1413 7.22923 -0.428994 4.1413 7.22923 4.57101 1.7413 7.22923 -0.428994 1.7413 7.22923 4.57101 4.1163 7.23423 -0.441494 4.1163 -13.7658 -0.441494 4.1163 7.23423 4.55851 4.1163 -13.7658 4.55851 4.1413 -13.7658 -0.441494 4.1413 7.23423 -0.441494 4.1413 -13.7658 4.55851 4.1413 7.23423 4.55851 3.1413 -1.17077 3.35139 3.1413 -1.17077 3.55139 3.1413 -1.16077 3.35139 3.1413 -1.16077 3.55139 2.5413 -1.16077 3.35139 2.5413 -1.17077 3.35139 2.54177 -1.16077 3.33457 2.54177 -1.17077 3.33457 2.54318 -1.16077 3.3178 2.54318 -1.17077 3.3178 2.54553 -1.16077 3.30114 2.54553 -1.17077 3.30114 2.54882 -1.16077 3.28464 2.54882 -1.17077 3.28464 2.55302 -1.16077 3.26834 2.55302 -1.17077 3.26834 2.55813 -1.16077 3.25231 2.55813 -1.17077 3.25231 2.56413 -1.16077 3.23659 2.56413 -1.17077 3.23659 2.57101 -1.16077 3.22123 2.57101 -1.17077 3.22123 2.57873 -1.16077 3.20628 2.57873 -1.17077 3.20628 2.58728 -1.16077 3.19178 2.58728 -1.17077 3.19178 2.59663 -1.16077 3.17779 2.59663 -1.17077 3.17779 2.60675 -1.16077 3.16435 2.60675 -1.17077 3.16435 2.6176 -1.16077 3.15149 2.6176 -1.17077 3.15149 2.62916 -1.16077 3.13926 2.62916 -1.17077 3.13926 2.64139 -1.16077 3.1277 2.64139 -1.17077 3.1277 2.65425 -1.16077 3.11684 2.65425 -1.17077 3.11684 2.66769 -1.16077 3.10672 2.66769 -1.17077 3.10672 2.68169 -1.16077 3.09738 2.68169 -1.17077 3.09738 2.69618 -1.16077 3.08883 2.69618 -1.17077 3.08883 2.71113 -1.16077 3.0811 2.71113 -1.17077 3.0811 2.72649 -1.16077 3.07423 2.72649 -1.17077 3.07423 2.74221 -1.16077 3.06823 2.74221 -1.17077 3.06823 2.75824 -1.16077 3.06312 2.75824 -1.17077 3.06312 2.77454 -1.16077 3.05891 2.77454 -1.17077 3.05891 2.79104 -1.16077 3.05563 2.79104 -1.17077 3.05563 2.80771 -1.16077 3.05328 2.80771 -1.17077 3.05328 2.82447 -1.16077 3.05186 2.82447 -1.17077 3.05186 2.8413 -1.16077 3.05139 2.8413 -1.17077 3.05139 2.85812 -1.16077 3.05186 2.85812 -1.17077 3.05186 2.87489 -1.16077 3.05328 2.87489 -1.17077 3.05328 2.89155 -1.16077 3.05563 2.89155 -1.17077 3.05563 2.90805 -1.16077 3.05891 2.90805 -1.17077 3.05891 2.92435 -1.16077 3.06312 2.92435 -1.17077 3.06312 2.94038 -1.16077 3.06823 2.94038 -1.17077 3.06823 2.9561 -1.16077 3.07423 2.9561 -1.17077 3.07423 2.97146 -1.16077 3.0811 2.97146 -1.17077 3.0811 2.98641 -1.16077 3.08883 2.98641 -1.17077 3.08883 3.00091 -1.16077 3.09738 3.00091 -1.17077 3.09738 3.0149 -1.16077 3.10672 3.0149 -1.17077 3.10672 3.02834 -1.16077 3.11684 3.02834 -1.17077 3.11684 3.0412 -1.16077 3.1277 3.0412 -1.17077 3.1277 3.05343 -1.16077 3.13926 3.05343 -1.17077 3.13926 3.06499 -1.16077 3.15149 3.06499 -1.17077 3.15149 3.07585 -1.16077 3.16435 3.07585 -1.17077 3.16435 3.08596 -1.16077 3.17779 3.08596 -1.17077 3.17779 3.09531 -1.16077 3.19178 3.09531 -1.17077 3.19178 3.10386 -1.16077 3.20628 3.10386 -1.17077 3.20628 3.11159 -1.16077 3.22123 3.11159 -1.17077 3.22123 3.11846 -1.16077 3.23659 3.11846 -1.17077 3.23659 3.12446 -1.16077 3.25231 3.12446 -1.17077 3.25231 3.12957 -1.16077 3.26834 3.12957 -1.17077 3.26834 3.13377 -1.16077 3.28464 3.13377 -1.17077 3.28464 3.13706 -1.16077 3.30114 3.13706 -1.17077 3.30114 3.13941 -1.16077 3.3178 3.13941 -1.17077 3.3178 3.14082 -1.16077 3.33457 3.14082 -1.17077 3.33457 2.5413 -1.17077 3.55139 2.5413 -1.16077 3.55139 3.14082 -1.16077 3.56821 3.14082 -1.17077 3.56821 3.13941 -1.16077 3.58498 3.13941 -1.17077 3.58498 3.13706 -1.16077 3.60164 3.13706 -1.17077 3.60164 3.13377 -1.16077 3.61815 3.13377 -1.17077 3.61815 3.12957 -1.16077 3.63444 3.12957 -1.17077 3.63444 3.12446 -1.16077 3.65048 3.12446 -1.17077 3.65048 3.11846 -1.16077 3.6662 3.11846 -1.17077 3.6662 3.11159 -1.16077 3.68156 3.11159 -1.17077 3.68156 3.10386 -1.16077 3.69651 3.10386 -1.17077 3.69651 3.09531 -1.16077 3.711 3.09531 -1.17077 3.711 3.08596 -1.16077 3.72499 3.08596 -1.17077 3.72499 3.07585 -1.16077 3.73844 3.07585 -1.17077 3.73844 3.06499 -1.16077 3.7513 3.06499 -1.17077 3.7513 3.05343 -1.16077 3.76352 3.05343 -1.17077 3.76352 3.0412 -1.16077 3.77508 3.0412 -1.17077 3.77508 3.02834 -1.16077 3.78594 3.02834 -1.17077 3.78594 3.0149 -1.16077 3.79606 3.0149 -1.17077 3.79606 3.00091 -1.16077 3.80541 3.00091 -1.17077 3.80541 2.98641 -1.16077 3.81396 2.98641 -1.17077 3.81396 2.97146 -1.16077 3.82168 2.97146 -1.17077 3.82168 2.9561 -1.16077 3.82856 2.9561 -1.17077 3.82856 2.94038 -1.16077 3.83456 2.94038 -1.17077 3.83456 2.92435 -1.16077 3.83967 2.92435 -1.17077 3.83967 2.90805 -1.16077 3.84387 2.90805 -1.17077 3.84387 2.89155 -1.16077 3.84715 2.89155 -1.17077 3.84715 2.87489 -1.16077 3.84951 2.87489 -1.17077 3.84951 2.85812 -1.16077 3.85092 2.85812 -1.17077 3.85092 2.8413 -1.16077 3.85139 2.8413 -1.17077 3.85139 2.82447 -1.16077 3.85092 2.82447 -1.17077 3.85092 2.80771 -1.16077 3.84951 2.80771 -1.17077 3.84951 2.79104 -1.16077 3.84715 2.79104 -1.17077 3.84715 2.77454 -1.16077 3.84387 2.77454 -1.17077 3.84387 2.75824 -1.16077 3.83967 2.75824 -1.17077 3.83967 2.74221 -1.16077 3.83456 2.74221 -1.17077 3.83456 2.72649 -1.16077 3.82856 2.72649 -1.17077 3.82856 2.71113 -1.16077 3.82168 2.71113 -1.17077 3.82168 2.69618 -1.16077 3.81396 2.69618 -1.17077 3.81396 2.68169 -1.16077 3.80541 2.68169 -1.17077 3.80541 2.66769 -1.16077 3.79606 2.66769 -1.17077 3.79606 2.65425 -1.16077 3.78594 2.65425 -1.17077 3.78594 2.64139 -1.16077 3.77508 2.64139 -1.17077 3.77508 2.62916 -1.16077 3.76352 2.62916 -1.17077 3.76352 2.6176 -1.16077 3.7513 2.6176 -1.17077 3.7513 2.60675 -1.16077 3.73844 2.60675 -1.17077 3.73844 2.59663 -1.16077 3.72499 2.59663 -1.17077 3.72499 2.58728 -1.16077 3.711 2.58728 -1.17077 3.711 2.57873 -1.16077 3.69651 2.57873 -1.17077 3.69651 2.57101 -1.16077 3.68156 2.57101 -1.17077 3.68156 2.56413 -1.16077 3.6662 2.56413 -1.17077 3.6662 2.55813 -1.16077 3.65048 2.55813 -1.17077 3.65048 2.55302 -1.16077 3.63444 2.55302 -1.17077 3.63444 2.54882 -1.16077 3.61815 2.54882 -1.17077 3.61815 2.54553 -1.16077 3.60164 2.54553 -1.17077 3.60164 2.54318 -1.16077 3.58498 2.54318 -1.17077 3.58498 2.54177 -1.16077 3.56821 2.54177 -1.17077 3.56821 3.3413 -1.17077 0.251392 3.3413 -1.16077 0.251392 3.34082 -1.17077 0.234571 3.34082 -1.16077 0.234571 3.33941 -1.17077 0.217803 3.33941 -1.16077 0.217803 3.33706 -1.17077 0.201141 3.33706 -1.16077 0.201141 3.33377 -1.17077 0.184636 3.33377 -1.16077 0.184636 3.32957 -1.17077 0.168342 3.32957 -1.16077 0.168342 3.32446 -1.17077 0.152309 3.32446 -1.16077 0.152309 3.31846 -1.17077 0.136587 3.31846 -1.16077 0.136587 3.31159 -1.17077 0.121227 3.31159 -1.16077 0.121227 3.30386 -1.17077 0.106277 3.30386 -1.16077 0.106277 3.29531 -1.17077 0.0917828 3.29531 -1.16077 0.0917828 3.28596 -1.17077 0.077791 3.28596 -1.16077 0.077791 3.27585 -1.17077 0.0643455 3.27585 -1.16077 0.0643455 3.26499 -1.17077 0.0514884 3.26499 -1.16077 0.0514884 3.25343 -1.17077 0.0392604 3.25343 -1.16077 0.0392604 3.2412 -1.17077 0.0276998 3.2412 -1.16077 0.0276998 3.22834 -1.17077 0.016843 3.22834 -1.16077 0.016843 3.2149 -1.17077 0.00672416 3.2149 -1.16077 0.00672416 3.20091 -1.17077 -0.00262483 3.20091 -1.16077 -0.00262483 3.18641 -1.17077 -0.0111746 3.18641 -1.16077 -0.0111746 3.17146 -1.17077 -0.0188982 3.17146 -1.16077 -0.0188982 3.1561 -1.17077 -0.0257714 3.1561 -1.16077 -0.0257714 3.14038 -1.17077 -0.0317726 3.14038 -1.16077 -0.0317726 3.12435 -1.17077 -0.0368828 3.12435 -1.16077 -0.0368828 3.10805 -1.17077 -0.041086 3.10805 -1.16077 -0.041086 3.09155 -1.17077 -0.0443689 3.09155 -1.16077 -0.0443689 3.07488 -1.17077 -0.0467212 3.07488 -1.16077 -0.0467212 3.05812 -1.17077 -0.0481356 3.05812 -1.16077 -0.0481356 3.0413 -1.17077 -0.0486076 3.0413 -1.16077 -0.0486076 3.02447 -1.17077 -0.0481356 3.02447 -1.16077 -0.0481356 3.00771 -1.17077 -0.0467212 3.00771 -1.16077 -0.0467212 2.99104 -1.17077 -0.0443689 2.99104 -1.16077 -0.0443689 2.97454 -1.17077 -0.041086 2.97454 -1.16077 -0.041086 2.95825 -1.17077 -0.0368828 2.95825 -1.16077 -0.0368828 2.94221 -1.17077 -0.0317726 2.94221 -1.16077 -0.0317726 2.92649 -1.17077 -0.0257714 2.92649 -1.16077 -0.0257714 2.91113 -1.17077 -0.0188982 2.91113 -1.16077 -0.0188982 2.89618 -1.17077 -0.0111746 2.89618 -1.16077 -0.0111746 2.88169 -1.17077 -0.00262483 2.88169 -1.16077 -0.00262483 2.86769 -1.17077 0.00672416 2.86769 -1.16077 0.00672416 2.85425 -1.17077 0.016843 2.85425 -1.16077 0.016843 2.84139 -1.17077 0.0276998 2.84139 -1.16077 0.0276998 2.82916 -1.17077 0.0392604 2.82916 -1.16077 0.0392604 2.8176 -1.17077 0.0514884 2.8176 -1.16077 0.0514884 2.80675 -1.17077 0.0643455 2.80675 -1.16077 0.0643455 2.79663 -1.17077 0.077791 2.79663 -1.16077 0.077791 2.78728 -1.17077 0.0917828 2.78728 -1.16077 0.0917828 2.77873 -1.17077 0.106277 2.77873 -1.16077 0.106277 2.771 -1.17077 0.121227 2.771 -1.16077 0.121227 2.76413 -1.17077 0.136587 2.76413 -1.16077 0.136587 2.75813 -1.17077 0.152309 2.75813 -1.16077 0.152309 2.75302 -1.17077 0.168342 2.75302 -1.16077 0.168342 2.74882 -1.17077 0.184636 2.74882 -1.16077 0.184636 2.74553 -1.17077 0.201141 2.74553 -1.16077 0.201141 2.74318 -1.17077 0.217803 2.74318 -1.16077 0.217803 2.74177 -1.17077 0.234571 2.74177 -1.16077 0.234571 2.7413 -1.17077 0.251392 2.7413 -1.16077 0.251392 2.7413 -1.17077 0.451392 2.7413 -1.16077 0.451392 2.74177 -1.17077 0.468214 2.74177 -1.16077 0.468214 2.74318 -1.17077 0.484982 2.74318 -1.16077 0.484982 2.74553 -1.17077 0.501644 2.74553 -1.16077 0.501644 2.74882 -1.17077 0.518149 2.74882 -1.16077 0.518149 2.75302 -1.17077 0.534443 2.75302 -1.16077 0.534443 2.75813 -1.17077 0.550476 2.75813 -1.16077 0.550476 2.76413 -1.17077 0.566198 2.76413 -1.16077 0.566198 2.771 -1.17077 0.581558 2.771 -1.16077 0.581558 2.77873 -1.17077 0.596508 2.77873 -1.16077 0.596508 2.78728 -1.17077 0.611002 2.78728 -1.16077 0.611002 2.79663 -1.17077 0.624994 2.79663 -1.16077 0.624994 2.80675 -1.17077 0.638439 2.80675 -1.16077 0.638439 2.8176 -1.17077 0.651296 2.8176 -1.16077 0.651296 2.82916 -1.17077 0.663525 2.82916 -1.16077 0.663525 2.84139 -1.17077 0.675085 2.84139 -1.16077 0.675085 2.85425 -1.17077 0.685942 2.85425 -1.16077 0.685942 2.86769 -1.17077 0.696061 2.86769 -1.16077 0.696061 2.88169 -1.17077 0.70541 2.88169 -1.16077 0.70541 2.89618 -1.17077 0.713959 2.89618 -1.16077 0.713959 2.91113 -1.17077 0.721683 2.91113 -1.16077 0.721683 2.92649 -1.17077 0.728556 2.92649 -1.16077 0.728556 2.94221 -1.17077 0.734557 2.94221 -1.16077 0.734557 2.95825 -1.17077 0.739668 2.95825 -1.16077 0.739668 2.97454 -1.17077 0.743871 2.97454 -1.16077 0.743871 2.99104 -1.17077 0.747154 2.99104 -1.16077 0.747154 3.00771 -1.17077 0.749506 3.00771 -1.16077 0.749506 3.02447 -1.17077 0.750921 3.02447 -1.16077 0.750921 3.0413 -1.17077 0.751392 3.0413 -1.16077 0.751392 3.05812 -1.17077 0.750921 3.05812 -1.16077 0.750921 3.07488 -1.17077 0.749506 3.07488 -1.16077 0.749506 3.09155 -1.17077 0.747154 3.09155 -1.16077 0.747154 3.10805 -1.17077 0.743871 3.10805 -1.16077 0.743871 3.12435 -1.17077 0.739668 3.12435 -1.16077 0.739668 3.14038 -1.17077 0.734557 3.14038 -1.16077 0.734557 3.1561 -1.17077 0.728556 3.1561 -1.16077 0.728556 3.17146 -1.17077 0.721683 3.17146 -1.16077 0.721683 3.18641 -1.17077 0.713959 3.18641 -1.16077 0.713959 3.20091 -1.17077 0.70541 3.20091 -1.16077 0.70541 3.2149 -1.17077 0.696061 3.2149 -1.16077 0.696061 3.22834 -1.17077 0.685942 3.22834 -1.16077 0.685942 3.2412 -1.17077 0.675085 3.2412 -1.16077 0.675085 3.25343 -1.17077 0.663525 3.25343 -1.16077 0.663525 3.26499 -1.17077 0.651296 3.26499 -1.16077 0.651296 3.27585 -1.17077 0.638439 3.27585 -1.16077 0.638439 3.28596 -1.17077 0.624994 3.28596 -1.16077 0.624994 3.29531 -1.17077 0.611002 3.29531 -1.16077 0.611002 3.30386 -1.17077 0.596508 3.30386 -1.16077 0.596508 3.31159 -1.17077 0.581558 3.31159 -1.16077 0.581558 3.31846 -1.17077 0.566198 3.31846 -1.16077 0.566198 3.32446 -1.17077 0.550476 3.32446 -1.16077 0.550476 3.32957 -1.17077 0.534443 3.32957 -1.16077 0.534443 3.33377 -1.17077 0.518149 3.33377 -1.16077 0.518149 3.33706 -1.17077 0.501644 3.33706 -1.16077 0.501644 3.33941 -1.17077 0.484982 3.33941 -1.16077 0.484982 3.34082 -1.17077 0.468214 3.34082 -1.16077 0.468214 3.3413 -1.17077 0.451392 3.3413 -1.16077 0.451392 4.1413 -1.16077 4.55139 1.7413 -1.16077 4.55139 4.1413 -1.16077 -0.448608 1.7413 -1.16077 -0.448608 1.7413 -1.17077 4.55139 4.1413 -1.17077 4.55139 1.7413 -1.17077 -0.448608 4.1413 -1.17077 -0.448608 3.1413 -9.57077 3.35139 3.1413 -9.57077 3.55139 3.1413 -9.56077 3.35139 3.1413 -9.56077 3.55139 2.5413 -9.56077 3.35139 2.5413 -9.57077 3.35139 2.54177 -9.56077 3.33457 2.54177 -9.57077 3.33457 2.54318 -9.56077 3.3178 2.54318 -9.57077 3.3178 2.54553 -9.56077 3.30114 2.54553 -9.57077 3.30114 2.54882 -9.56077 3.28464 2.54882 -9.57077 3.28464 2.55302 -9.56077 3.26834 2.55302 -9.57077 3.26834 2.55813 -9.56077 3.25231 2.55813 -9.57077 3.25231 2.56413 -9.56077 3.23659 2.56413 -9.57077 3.23659 2.57101 -9.56077 3.22123 2.57101 -9.57077 3.22123 2.57873 -9.56077 3.20628 2.57873 -9.57077 3.20628 2.58728 -9.56077 3.19178 2.58728 -9.57077 3.19178 2.59663 -9.56077 3.17779 2.59663 -9.57077 3.17779 2.60675 -9.56077 3.16435 2.60675 -9.57077 3.16435 2.6176 -9.56077 3.15149 2.6176 -9.57077 3.15149 2.62916 -9.56077 3.13926 2.62916 -9.57077 3.13926 2.64139 -9.56077 3.1277 2.64139 -9.57077 3.1277 2.65425 -9.56077 3.11684 2.65425 -9.57077 3.11684 2.66769 -9.56077 3.10672 2.66769 -9.57077 3.10672 2.68169 -9.56077 3.09738 2.68169 -9.57077 3.09738 2.69618 -9.56077 3.08883 2.69618 -9.57077 3.08883 2.71113 -9.56077 3.0811 2.71113 -9.57077 3.0811 2.72649 -9.56077 3.07423 2.72649 -9.57077 3.07423 2.74221 -9.56077 3.06823 2.74221 -9.57077 3.06823 2.75824 -9.56077 3.06312 2.75824 -9.57077 3.06312 2.77454 -9.56077 3.05891 2.77454 -9.57077 3.05891 2.79104 -9.56077 3.05563 2.79104 -9.57077 3.05563 2.80771 -9.56077 3.05328 2.80771 -9.57077 3.05328 2.82447 -9.56077 3.05186 2.82447 -9.57077 3.05186 2.8413 -9.56077 3.05139 2.8413 -9.57077 3.05139 2.85812 -9.56077 3.05186 2.85812 -9.57077 3.05186 2.87489 -9.56077 3.05328 2.87489 -9.57077 3.05328 2.89155 -9.56077 3.05563 2.89155 -9.57077 3.05563 2.90805 -9.56077 3.05891 2.90805 -9.57077 3.05891 2.92435 -9.56077 3.06312 2.92435 -9.57077 3.06312 2.94038 -9.56077 3.06823 2.94038 -9.57077 3.06823 2.9561 -9.56077 3.07423 2.9561 -9.57077 3.07423 2.97146 -9.56077 3.0811 2.97146 -9.57077 3.0811 2.98641 -9.56077 3.08883 2.98641 -9.57077 3.08883 3.00091 -9.56077 3.09738 3.00091 -9.57077 3.09738 3.0149 -9.56077 3.10672 3.0149 -9.57077 3.10672 3.02834 -9.56077 3.11684 3.02834 -9.57077 3.11684 3.0412 -9.56077 3.1277 3.0412 -9.57077 3.1277 3.05343 -9.56077 3.13926 3.05343 -9.57077 3.13926 3.06499 -9.56077 3.15149 3.06499 -9.57077 3.15149 3.07585 -9.56077 3.16435 3.07585 -9.57077 3.16435 3.08596 -9.56077 3.17779 3.08596 -9.57077 3.17779 3.09531 -9.56077 3.19178 3.09531 -9.57077 3.19178 3.10386 -9.56077 3.20628 3.10386 -9.57077 3.20628 3.11159 -9.56077 3.22123 3.11159 -9.57077 3.22123 3.11846 -9.56077 3.23659 3.11846 -9.57077 3.23659 3.12446 -9.56077 3.25231 3.12446 -9.57077 3.25231 3.12957 -9.56077 3.26834 3.12957 -9.57077 3.26834 3.13377 -9.56077 3.28464 3.13377 -9.57077 3.28464 3.13706 -9.56077 3.30114 3.13706 -9.57077 3.30114 3.13941 -9.56077 3.3178 3.13941 -9.57077 3.3178 3.14082 -9.56077 3.33457 3.14082 -9.57077 3.33457 2.5413 -9.57077 3.55139 2.5413 -9.56077 3.55139 3.14082 -9.56077 3.56821 3.14082 -9.57077 3.56821 3.13941 -9.56077 3.58498 3.13941 -9.57077 3.58498 3.13706 -9.56077 3.60164 3.13706 -9.57077 3.60164 3.13377 -9.56077 3.61815 3.13377 -9.57077 3.61815 3.12957 -9.56077 3.63444 3.12957 -9.57077 3.63444 3.12446 -9.56077 3.65048 3.12446 -9.57077 3.65048 3.11846 -9.56077 3.6662 3.11846 -9.57077 3.6662 3.11159 -9.56077 3.68156 3.11159 -9.57077 3.68156 3.10386 -9.56077 3.69651 3.10386 -9.57077 3.69651 3.09531 -9.56077 3.711 3.09531 -9.57077 3.711 3.08596 -9.56077 3.72499 3.08596 -9.57077 3.72499 3.07585 -9.56077 3.73844 3.07585 -9.57077 3.73844 3.06499 -9.56077 3.7513 3.06499 -9.57077 3.7513 3.05343 -9.56077 3.76352 3.05343 -9.57077 3.76352 3.0412 -9.56077 3.77508 3.0412 -9.57077 3.77508 3.02834 -9.56077 3.78594 3.02834 -9.57077 3.78594 3.0149 -9.56077 3.79606 3.0149 -9.57077 3.79606 3.00091 -9.56077 3.80541 3.00091 -9.57077 3.80541 2.98641 -9.56077 3.81396 2.98641 -9.57077 3.81396 2.97146 -9.56077 3.82168 2.97146 -9.57077 3.82168 2.9561 -9.56077 3.82856 2.9561 -9.57077 3.82856 2.94038 -9.56077 3.83456 2.94038 -9.57077 3.83456 2.92435 -9.56077 3.83967 2.92435 -9.57077 3.83967 2.90805 -9.56077 3.84387 2.90805 -9.57077 3.84387 2.89155 -9.56077 3.84715 2.89155 -9.57077 3.84715 2.87489 -9.56077 3.84951 2.87489 -9.57077 3.84951 2.85812 -9.56077 3.85092 2.85812 -9.57077 3.85092 2.8413 -9.56077 3.85139 2.8413 -9.57077 3.85139 2.82447 -9.56077 3.85092 2.82447 -9.57077 3.85092 2.80771 -9.56077 3.84951 2.80771 -9.57077 3.84951 2.79104 -9.56077 3.84715 2.79104 -9.57077 3.84715 2.77454 -9.56077 3.84387 2.77454 -9.57077 3.84387 2.75824 -9.56077 3.83967 2.75824 -9.57077 3.83967 2.74221 -9.56077 3.83456 2.74221 -9.57077 3.83456 2.72649 -9.56077 3.82856 2.72649 -9.57077 3.82856 2.71113 -9.56077 3.82168 2.71113 -9.57077 3.82168 2.69618 -9.56077 3.81396 2.69618 -9.57077 3.81396 2.68169 -9.56077 3.80541 2.68169 -9.57077 3.80541 2.66769 -9.56077 3.79606 2.66769 -9.57077 3.79606 2.65425 -9.56077 3.78594 2.65425 -9.57077 3.78594 2.64139 -9.56077 3.77508 2.64139 -9.57077 3.77508 2.62916 -9.56077 3.76352 2.62916 -9.57077 3.76352 2.6176 -9.56077 3.7513 2.6176 -9.57077 3.7513 2.60675 -9.56077 3.73844 2.60675 -9.57077 3.73844 2.59663 -9.56077 3.72499 2.59663 -9.57077 3.72499 2.58728 -9.56077 3.711 2.58728 -9.57077 3.711 2.57873 -9.56077 3.69651 2.57873 -9.57077 3.69651 2.57101 -9.56077 3.68156 2.57101 -9.57077 3.68156 2.56413 -9.56077 3.6662 2.56413 -9.57077 3.6662 2.55813 -9.56077 3.65048 2.55813 -9.57077 3.65048 2.55302 -9.56077 3.63444 2.55302 -9.57077 3.63444 2.54882 -9.56077 3.61815 2.54882 -9.57077 3.61815 2.54553 -9.56077 3.60164 2.54553 -9.57077 3.60164 2.54318 -9.56077 3.58498 2.54318 -9.57077 3.58498 2.54177 -9.56077 3.56821 2.54177 -9.57077 3.56821 3.3413 -9.57077 0.251392 3.3413 -9.56077 0.251392 3.34082 -9.57077 0.234571 3.34082 -9.56077 0.234571 3.33941 -9.57077 0.217803 3.33941 -9.56077 0.217803 3.33706 -9.57077 0.201141 3.33706 -9.56077 0.201141 3.33377 -9.57077 0.184636 3.33377 -9.56077 0.184636 3.32957 -9.57077 0.168342 3.32957 -9.56077 0.168342 3.32446 -9.57077 0.152309 3.32446 -9.56077 0.152309 3.31846 -9.57077 0.136587 3.31846 -9.56077 0.136587 3.31159 -9.57077 0.121227 3.31159 -9.56077 0.121227 3.30386 -9.57077 0.106277 3.30386 -9.56077 0.106277 3.29531 -9.57077 0.0917828 3.29531 -9.56077 0.0917828 3.28596 -9.57077 0.077791 3.28596 -9.56077 0.077791 3.27585 -9.57077 0.0643455 3.27585 -9.56077 0.0643455 3.26499 -9.57077 0.0514884 3.26499 -9.56077 0.0514884 3.25343 -9.57077 0.0392604 3.25343 -9.56077 0.0392604 3.2412 -9.57077 0.0276998 3.2412 -9.56077 0.0276998 3.22834 -9.57077 0.016843 3.22834 -9.56077 0.016843 3.2149 -9.57077 0.00672416 3.2149 -9.56077 0.00672416 3.20091 -9.57077 -0.00262483 3.20091 -9.56077 -0.00262483 3.18641 -9.57077 -0.0111746 3.18641 -9.56077 -0.0111746 3.17146 -9.57077 -0.0188982 3.17146 -9.56077 -0.0188982 3.1561 -9.57077 -0.0257714 3.1561 -9.56077 -0.0257714 3.14038 -9.57077 -0.0317726 3.14038 -9.56077 -0.0317726 3.12435 -9.57077 -0.0368828 3.12435 -9.56077 -0.0368828 3.10805 -9.57077 -0.041086 3.10805 -9.56077 -0.041086 3.09155 -9.57077 -0.0443689 3.09155 -9.56077 -0.0443689 3.07488 -9.57077 -0.0467212 3.07488 -9.56077 -0.0467212 3.05812 -9.57077 -0.0481356 3.05812 -9.56077 -0.0481356 3.0413 -9.57077 -0.0486076 3.0413 -9.56077 -0.0486076 3.02447 -9.57077 -0.0481356 3.02447 -9.56077 -0.0481356 3.00771 -9.57077 -0.0467212 3.00771 -9.56077 -0.0467212 2.99104 -9.57077 -0.0443689 2.99104 -9.56077 -0.0443689 2.97454 -9.57077 -0.041086 2.97454 -9.56077 -0.041086 2.95825 -9.57077 -0.0368828 2.95825 -9.56077 -0.0368828 2.94221 -9.57077 -0.0317726 2.94221 -9.56077 -0.0317726 2.92649 -9.57077 -0.0257714 2.92649 -9.56077 -0.0257714 2.91113 -9.57077 -0.0188982 2.91113 -9.56077 -0.0188982 2.89618 -9.57077 -0.0111746 2.89618 -9.56077 -0.0111746 2.88169 -9.57077 -0.00262483 2.88169 -9.56077 -0.00262483 2.86769 -9.57077 0.00672416 2.86769 -9.56077 0.00672416 2.85425 -9.57077 0.016843 2.85425 -9.56077 0.016843 2.84139 -9.57077 0.0276998 2.84139 -9.56077 0.0276998 2.82916 -9.57077 0.0392604 2.82916 -9.56077 0.0392604 2.8176 -9.57077 0.0514884 2.8176 -9.56077 0.0514884 2.80675 -9.57077 0.0643455 2.80675 -9.56077 0.0643455 2.79663 -9.57077 0.077791 2.79663 -9.56077 0.077791 2.78728 -9.57077 0.0917828 2.78728 -9.56077 0.0917828 2.77873 -9.57077 0.106277 2.77873 -9.56077 0.106277 2.771 -9.57077 0.121227 2.771 -9.56077 0.121227 2.76413 -9.57077 0.136587 2.76413 -9.56077 0.136587 2.75813 -9.57077 0.152309 2.75813 -9.56077 0.152309 2.75302 -9.57077 0.168342 2.75302 -9.56077 0.168342 2.74882 -9.57077 0.184636 2.74882 -9.56077 0.184636 2.74553 -9.57077 0.201141 2.74553 -9.56077 0.201141 2.74318 -9.57077 0.217803 2.74318 -9.56077 0.217803 2.74177 -9.57077 0.234571 2.74177 -9.56077 0.234571 2.7413 -9.57077 0.251392 2.7413 -9.56077 0.251392 2.7413 -9.57077 0.451392 2.7413 -9.56077 0.451392 2.74177 -9.57077 0.468214 2.74177 -9.56077 0.468214 2.74318 -9.57077 0.484982 2.74318 -9.56077 0.484982 2.74553 -9.57077 0.501644 2.74553 -9.56077 0.501644 2.74882 -9.57077 0.518149 2.74882 -9.56077 0.518149 2.75302 -9.57077 0.534443 2.75302 -9.56077 0.534443 2.75813 -9.57077 0.550476 2.75813 -9.56077 0.550476 2.76413 -9.57077 0.566198 2.76413 -9.56077 0.566198 2.771 -9.57077 0.581558 2.771 -9.56077 0.581558 2.77873 -9.57077 0.596508 2.77873 -9.56077 0.596508 2.78728 -9.57077 0.611002 2.78728 -9.56077 0.611002 2.79663 -9.57077 0.624994 2.79663 -9.56077 0.624994 2.80675 -9.57077 0.638439 2.80675 -9.56077 0.638439 2.8176 -9.57077 0.651296 2.8176 -9.56077 0.651296 2.82916 -9.57077 0.663525 2.82916 -9.56077 0.663525 2.84139 -9.57077 0.675085 2.84139 -9.56077 0.675085 2.85425 -9.57077 0.685942 2.85425 -9.56077 0.685942 2.86769 -9.57077 0.696061 2.86769 -9.56077 0.696061 2.88169 -9.57077 0.70541 2.88169 -9.56077 0.70541 2.89618 -9.57077 0.713959 2.89618 -9.56077 0.713959 2.91113 -9.57077 0.721683 2.91113 -9.56077 0.721683 2.92649 -9.57077 0.728556 2.92649 -9.56077 0.728556 2.94221 -9.57077 0.734557 2.94221 -9.56077 0.734557 2.95825 -9.57077 0.739668 2.95825 -9.56077 0.739668 2.97454 -9.57077 0.743871 2.97454 -9.56077 0.743871 2.99104 -9.57077 0.747154 2.99104 -9.56077 0.747154 3.00771 -9.57077 0.749506 3.00771 -9.56077 0.749506 3.02447 -9.57077 0.750921 3.02447 -9.56077 0.750921 3.0413 -9.57077 0.751392 3.0413 -9.56077 0.751392 3.05812 -9.57077 0.750921 3.05812 -9.56077 0.750921 3.07488 -9.57077 0.749506 3.07488 -9.56077 0.749506 3.09155 -9.57077 0.747154 3.09155 -9.56077 0.747154 3.10805 -9.57077 0.743871 3.10805 -9.56077 0.743871 3.12435 -9.57077 0.739668 3.12435 -9.56077 0.739668 3.14038 -9.57077 0.734557 3.14038 -9.56077 0.734557 3.1561 -9.57077 0.728556 3.1561 -9.56077 0.728556 3.17146 -9.57077 0.721683 3.17146 -9.56077 0.721683 3.18641 -9.57077 0.713959 3.18641 -9.56077 0.713959 3.20091 -9.57077 0.70541 3.20091 -9.56077 0.70541 3.2149 -9.57077 0.696061 3.2149 -9.56077 0.696061 3.22834 -9.57077 0.685942 3.22834 -9.56077 0.685942 3.2412 -9.57077 0.675085 3.2412 -9.56077 0.675085 3.25343 -9.57077 0.663525 3.25343 -9.56077 0.663525 3.26499 -9.57077 0.651296 3.26499 -9.56077 0.651296 3.27585 -9.57077 0.638439 3.27585 -9.56077 0.638439 3.28596 -9.57077 0.624994 3.28596 -9.56077 0.624994 3.29531 -9.57077 0.611002 3.29531 -9.56077 0.611002 3.30386 -9.57077 0.596508 3.30386 -9.56077 0.596508 3.31159 -9.57077 0.581558 3.31159 -9.56077 0.581558 3.31846 -9.57077 0.566198 3.31846 -9.56077 0.566198 3.32446 -9.57077 0.550476 3.32446 -9.56077 0.550476 3.32957 -9.57077 0.534443 3.32957 -9.56077 0.534443 3.33377 -9.57077 0.518149 3.33377 -9.56077 0.518149 3.33706 -9.57077 0.501644 3.33706 -9.56077 0.501644 3.33941 -9.57077 0.484982 3.33941 -9.56077 0.484982 3.34082 -9.57077 0.468214 3.34082 -9.56077 0.468214 3.3413 -9.57077 0.451392 3.3413 -9.56077 0.451392 4.1413 -9.56077 4.55139 1.7413 -9.56077 4.55139 4.1413 -9.56077 -0.448608 1.7413 -9.56077 -0.448608 1.7413 -9.57077 4.55139 4.1413 -9.57077 4.55139 1.7413 -9.57077 -0.448608 4.1413 -9.57077 -0.448608 1.7163 7.23423 -0.441494 1.7163 -13.7658 -0.441494 1.7163 7.23423 4.55851 1.7163 -13.7658 4.55851 1.7413 -13.7658 -0.441494 1.7413 7.23423 -0.441494 1.7413 -13.7658 4.55851 1.7413 7.23423 4.55851 4.1413 7.23423 4.57101 4.1413 -13.7658 4.57101 1.7413 7.23423 4.57101 1.7413 -13.7658 4.57101 4.1413 -13.7658 4.59601 4.1413 7.23423 4.59601 1.7413 -13.7658 4.59601 1.7413 7.23423 4.59601</float_array>
                    <technique_common>
                        <accessor count="1904" source="#shape0-lib-positions-array" stride="3">
                            <param name="X" type="float"/>
                            <param name="Y" type="float"/>
                            <param name="Z" type="float"/>
                        </accessor>
                    </technique_common>
                </source>
                <source id="shape0-lib-normals" name="normal">
                    <float_array id="shape0-lib-normals-array" count="11400">-1 0 0 -1 0 0 0.999607 0 0.0280388 0.999607 0 0.0280388 0.996462 0 0.0840456 0.996462 0 0.0840456 0.99018 0 0.139799 0.99018 0 0.139799 0.980785 0 0.195094 0.980785 0 0.195094 0.968304 0 0.249773 0.968304 0 0.249773 0.952775 0 0.303678 0.952775 0 0.303678 0.934252 0 0.356614 0.934252 0 0.356614 0.91278 0 0.408452 0.91278 0 0.408452 0.888447 0 0.45898 0.888447 0 0.45898 0.861314 0 0.508072 0.861314 0 0.508072 0.831468 0 0.555573 0.831468 0 0.555573 0.799015 0 0.601312 0.799015 0 0.601312 0.764033 0 0.645177 0.764033 0 0.645177 0.726657 0 0.687 0.726657 0 0.687 0.687 0 0.726657 0.687 0 0.726657 0.645168 0 0.76404 0.645168 0 0.76404 0.601321 0 0.799008 0.601321 0 0.799008 0.555563 0 0.831474 0.555563 0 0.831474 0.508083 0 0.861308 0.508083 0 0.861308 0.45898 0 0.888447 0.45898 0 0.888447 0.40844 0 0.912785 0.40844 0 0.912785 0.356626 0 0.934247 0.356626 0 0.934247 0.303683 0 0.952773 0.303683 0 0.952773 0.24977 0 0.968305 0.24977 0 0.968305 0.195097 0 0.980784 0.195097 0 0.980784 0.139783 0 0.990182 0.139783 0 0.990182 0.0840456 0 0.996462 0.0840456 0 0.996462 0.028053 0 0.999606 0.028053 0 0.999606 -0.028053 0 0.999606 -0.028053 0 0.999606 -0.0840456 0 0.996462 -0.0840456 0 0.996462 -0.139785 0 0.990182 -0.139785 0 0.990182 -0.195094 0 0.980785 -0.195094 0 0.980785 -0.249773 0 0.968304 -0.249773 0 0.968304 -0.303678 0 0.952775 -0.303678 0 0.952775 -0.356626 0 0.934247 -0.356626 0 0.934247 -0.40844 0 0.912785 -0.40844 0 0.912785 -0.45898 0 0.888447 -0.45898 0 0.888447 -0.508083 0 0.861308 -0.508083 0 0.861308 -0.555563 0 0.831474 -0.555563 0 0.831474 -0.601328 0 0.799003 -0.601328 0 0.799003 -0.645161 0 0.764046 -0.645161 0 0.764046 -0.687 0 0.726657 -0.687 0 0.726657 -0.726657 0 0.687 -0.726657 0 0.687 -0.76404 0 0.645168 -0.76404 0 0.645168 -0.799008 0 0.601321 -0.799008 0 0.601321 -0.831474 0 0.555563 -0.831474 0 0.555563 -0.861308 0 0.508083 -0.861308 0 0.508083 -0.888447 0 0.45898 -0.888447 0 0.45898 -0.912785 0 0.40844 -0.912785 0 0.40844 -0.934247 0 0.356626 -0.934247 0 0.356626 -0.952775 0 0.303678 -0.952775 0 0.303678 -0.968304 0 0.249773 -0.968304 0 0.249773 -0.980785 0 0.195094 -0.980785 0 0.195094 -0.990182 0 0.139785 -0.990182 0 0.139785 -0.996462 0 0.0840456 -0.996462 0 0.0840456 -0.999606 0 0.028053 -0.999606 0 0.028053 1 0 0 1 0 0 -0.999606 0 -0.0280534 -0.999606 0 -0.0280534 -0.996462 0 -0.0840444 -0.996462 0 -0.0840444 -0.990182 0 -0.139783 -0.990182 0 -0.139783 -0.980784 0 -0.195097 -0.980784 0 -0.195097 -0.968305 0 -0.24977 -0.968305 0 -0.24977 -0.952775 0 -0.303678 -0.952775 0 -0.303678 -0.934247 0 -0.356626 -0.934247 0 -0.356626 -0.912783 0 -0.408446 -0.912783 0 -0.408446 -0.88845 0 -0.458974 -0.88845 0 -0.458974 -0.861308 0 -0.508083 -0.861308 0 -0.508083 -0.831466 0 -0.555576 -0.831466 0 -0.555576 -0.799013 0 -0.601314 -0.799013 0 -0.601314 -0.76404 0 -0.645168 -0.76404 0 -0.645168 -0.726657 0 -0.687 -0.726657 0 -0.687 -0.686993 0 -0.726664 -0.686993 0 -0.726664 -0.645178 0 -0.764032 -0.645178 0 -0.764032 -0.601328 0 -0.799003 -0.601328 0 -0.799003 -0.555563 0 -0.831474 -0.555563 0 -0.831474 -0.508072 0 -0.861314 -0.508072 0 -0.861314 -0.458991 0 -0.888441 -0.458991 0 -0.888441 -0.40844 0 -0.912785 -0.40844 0 -0.912785 -0.356614 0 -0.934252 -0.356614 0 -0.934252 -0.303678 0 -0.952775 -0.303678 0 -0.952775 -0.249786 0 -0.968301 -0.249786 0 -0.968301 -0.195067 0 -0.98079 -0.195067 0 -0.98079 -0.139813 0 -0.990178 -0.139813 0 -0.990178 -0.0840456 0 -0.996462 -0.0840456 0 -0.996462 -0.028053 0 -0.999606 -0.028053 0 -0.999606 0.028053 0 -0.999606 0.028053 0 -0.999606 0.0840456 0 -0.996462 0.0840456 0 -0.996462 0.139811 0 -0.990178 0.139811 0 -0.990178 0.19507 0 -0.980789 0.19507 0 -0.980789 0.249783 0 -0.968302 0.249783 0 -0.968302 0.303683 0 -0.952773 0.303683 0 -0.952773 0.356614 0 -0.934252 0.356614 0 -0.934252 0.40844 0 -0.912785 0.40844 0 -0.912785 0.458991 0 -0.888441 0.458991 0 -0.888441 0.508072 0 -0.861314 0.508072 0 -0.861314 0.555563 0 -0.831474 0.555563 0 -0.831474 0.601321 0 -0.799008 0.601321 0 -0.799008 0.645185 0 -0.764027 0.645185 0 -0.764027 0.686993 0 -0.726664 0.686993 0 -0.726664 0.726657 0 -0.687 0.726657 0 -0.687 0.764033 0 -0.645177 0.764033 0 -0.645177 0.79902 0 -0.601305 0.79902 0 -0.601305 0.831459 0 -0.555586 0.831459 0 -0.555586 0.861314 0 -0.508072 0.861314 0 -0.508072 0.88845 0 -0.458974 0.88845 0 -0.458974 0.912777 0 -0.408457 0.912777 0 -0.408457 0.934252 0 -0.356614 0.934252 0 -0.356614 0.952775 0 -0.303678 0.952775 0 -0.303678 0.968305 0 -0.24977 0.968305 0 -0.24977 0.980784 0 -0.195097 0.980784 0 -0.195097 0.99018 0 -0.139797 0.99018 0 -0.139797 0.996462 0 -0.0840444 0.996462 0 -0.0840444 0.999607 0 -0.0280392 0.999607 0 -0.0280392 -0.999606 0 0.028053 -0.999606 0 0.028053 -0.996462 0 0.0840459 -0.996462 0 0.0840459 -0.99018 0 0.139797 -0.99018 0 0.139797 -0.980787 0 0.195082 -0.980787 0 0.195082 -0.968302 0 0.249784 -0.968302 0 0.249784 -0.952778 0 0.303668 -0.952778 0 0.303668 -0.934247 0 0.356626 -0.934247 0 0.356626 -0.912784 0 0.408442 -0.912784 0 0.408442 -0.888448 0 0.458978 -0.888448 0 0.458978 -0.861308 0 0.508083 -0.861308 0 0.508083 -0.831473 0 0.555565 -0.831473 0 0.555565 -0.799006 0 0.601323 -0.799006 0 0.601323 -0.764042 0 0.645167 -0.764042 0 0.645167 -0.726659 0 0.686999 -0.726659 0 0.686999 -0.686998 0 0.72666 -0.686998 0 0.72666 -0.645168 0 0.764041 -0.645168 0 0.764041 -0.601322 0 0.799007 -0.601322 0 0.799007 -0.555568 0 0.831471 -0.555568 0 0.831471 -0.508076 0 0.861312 -0.508076 0 0.861312 -0.458982 0 0.888445 -0.458982 0 0.888445 -0.408443 0 0.912784 -0.408443 0 0.912784 -0.356622 0 0.934249 -0.356622 0 0.934249 -0.303675 0 0.952776 -0.303675 0 0.952776 -0.249778 0 0.968303 -0.249778 0 0.968303 -0.195089 0 0.980786 -0.195089 0 0.980786 -0.13979 0 0.990181 -0.13979 0 0.990181 -0.0840509 0 0.996462 -0.0840509 0 0.996462 -0.0280463 0 0.999607 -0.0280463 0 0.999607 0.0280459 0 0.999607 0.0280459 0 0.999607 0.0840509 0 0.996462 0.0840509 0 0.996462 0.13979 0 0.990181 0.13979 0 0.990181 0.195089 0 0.980786 0.195089 0 0.980786 0.249778 0 0.968303 0.249778 0 0.968303 0.303675 0 0.952776 0.303675 0 0.952776 0.356622 0 0.934249 0.356622 0 0.934249 0.408443 0 0.912784 0.408443 0 0.912784 0.458982 0 0.888445 0.458982 0 0.888445 0.508076 0 0.861312 0.508076 0 0.861312 0.555575 0 0.831467 0.555575 0 0.831467 0.601315 0 0.799012 0.601315 0 0.799012 0.645175 0 0.764035 0.645175 0 0.764035 0.68699 0 0.726666 0.68699 0 0.726666 0.726666 0 0.686991 0.726666 0 0.686991 0.764035 0 0.645175 0.764035 0 0.645175 0.799006 0 0.601323 0.799006 0 0.601323 0.831473 0 0.555565 0.831473 0 0.555565 0.861314 0 0.508072 0.861314 0 0.508072 0.888442 0 0.458989 0.888442 0 0.458989 0.912784 0 0.408442 0.912784 0 0.408442 0.934247 0 0.356626 0.934247 0 0.356626 0.952778 0 0.303668 0.952778 0 0.303668 0.968302 0 0.249784 0.968302 0 0.249784 0.980787 0 0.195082 0.980787 0 0.195082 0.99018 0 0.139797 0.99018 0 0.139797 0.996462 0 0.0840459 0.996462 0 0.0840459 0.999606 0 0.028053 0.999606 0 0.028053 0.999606 0 -0.028053 0.999606 0 -0.028053 0.996462 0 -0.0840456 0.996462 0 -0.0840456 0.99018 0 -0.139797 0.99018 0 -0.139797 0.980787 0 -0.195082 0.980787 0 -0.195082 0.968301 0 -0.249785 0.968301 0 -0.249785 0.952778 0 -0.303668 0.952778 0 -0.303668 0.934248 0 -0.356625 0.934248 0 -0.356625 0.912784 0 -0.408443 0.912784 0 -0.408443 0.888443 0 -0.458988 0.888443 0 -0.458988 0.861314 0 -0.508072 0.861314 0 -0.508072 0.831472 0 -0.555566 0.831472 0 -0.555566 0.799008 0 -0.601321 0.799008 0 -0.601321 0.764033 0 -0.645177 0.764033 0 -0.645177 0.726667 0 -0.686989 0.726667 0 -0.686989 0.68699 0 -0.726667 0.68699 0 -0.726667 0.645177 0 -0.764033 0.645177 0 -0.764033 0.601312 0 -0.799015 0.601312 0 -0.799015 0.555575 0 -0.831467 0.555575 0 -0.831467 0.508078 0 -0.861311 0.508078 0 -0.861311 0.458985 0 -0.888444 0.458985 0 -0.888444 0.40844 0 -0.912785 0.40844 0 -0.912785 0.35662 0 -0.93425 0.35662 0 -0.93425 0.303678 0 -0.952775 0.303678 0 -0.952775 0.24978 0 -0.968303 0.24978 0 -0.968303 0.195087 0 -0.980786 0.195087 0 -0.980786 0.13979 0 -0.990181 0.13979 0 -0.990181 0.0840527 0 -0.996461 0.0840527 0 -0.996461 0.0280459 0 -0.999607 0.0280459 0 -0.999607 -0.0280463 0 -0.999607 -0.0280463 0 -0.999607 -0.0840527 0 -0.996461 -0.0840527 0 -0.996461 -0.13979 0 -0.990181 -0.13979 0 -0.990181 -0.195087 0 -0.980786 -0.195087 0 -0.980786 -0.24978 0 -0.968303 -0.24978 0 -0.968303 -0.303678 0 -0.952775 -0.303678 0 -0.952775 -0.35662 0 -0.93425 -0.35662 0 -0.93425 -0.40844 0 -0.912785 -0.40844 0 -0.912785 -0.458985 0 -0.888444 -0.458985 0 -0.888444 -0.508078 0 -0.861311 -0.508078 0 -0.861311 -0.555568 0 -0.831471 -0.555568 0 -0.831471 -0.601319 0 -0.799009 -0.601319 0 -0.799009 -0.64517 0 -0.764039 -0.64517 0 -0.764039 -0.686997 0 -0.726661 -0.686997 0 -0.726661 -0.72666 0 -0.686997 -0.72666 0 -0.686997 -0.76404 0 -0.645168 -0.76404 0 -0.645168 -0.799008 0 -0.601321 -0.799008 0 -0.601321 -0.831472 0 -0.555566 -0.831472 0 -0.555566 -0.861308 0 -0.508083 -0.861308 0 -0.508083 -0.888448 0 -0.458977 -0.888448 0 -0.458977 -0.912784 0 -0.408443 -0.912784 0 -0.408443 -0.934248 0 -0.356625 -0.934248 0 -0.356625 -0.952778 0 -0.303668 -0.952778 0 -0.303668 -0.968301 0 -0.249785 -0.968301 0 -0.249785 -0.980787 0 -0.195082 -0.980787 0 -0.195082 -0.99018 0 -0.139797 -0.99018 0 -0.139797 -0.996462 0 -0.0840456 -0.996462 0 -0.0840456 -0.999606 0 -0.028053 -0.999606 0 -0.028053 -1 0 0 -1 0 0 0 1 0 0 1 0 0 1 0 0 1 0 0 1 0 0 1 0 0 1 0 0 1 0 0 1 0 0 1 0 0 1 0 0 1 0 0 1 0 0 1 0 0 1 0 0 1 0 0 1 0 0 1 0 0 1 0 0 1 0 0 1 0 0 1 0 0 1 0 0 1 0 0 1 0 0 1 0 0 1 0 0 1 0 0 1 0 0 1 0 0 1 0 0 1 0 0 1 0 0 1 0 0 1 0 0 1 0 0 1 0 0 1 0 0 1 0 0 1 0 0 1 0 0 1 0 0 1 0 0 1 0 0 1 0 0 1 0 0 1 0 0 1 0 0 1 0 0 1 0 0 1 0 0 1 0 0 1 0 0 1 0 0 1 0 0 1 0 0 1 0 0 1 0 0 1 0 0 1 0 0 1 0 0 1 0 0 1 0 0 1 0 0 1 0 0 1 0 0 1 0 0 1 0 0 1 0 0 1 0 0 1 0 0 1 0 0 1 0 0 1 0 0 1 0 0 1 0 0 1 0 0 1 0 0 1 0 0 1 0 0 1 0 0 1 0 0 1 0 0 1 0 0 1 0 0 1 0 0 1 0 0 1 0 0 1 0 0 1 0 0 1 0 0 1 0 0 1 0 0 1 0 0 1 0 0 1 0 0 1 0 0 1 0 0 1 0 0 1 0 0 1 0 0 1 0 0 1 0 0 1 0 0 1 0 0 1 0 0 1 0 0 1 0 0 1 0 0 1 0 0 1 0 0 1 0 0 1 0 0 1 0 0 1 0 0 1 0 0 1 0 0 1 0 0 1 0 0 1 0 0 1 0 0 1 0 0 1 0 0 1 0 0 1 0 0 1 0 0 1 0 0 1 0 0 1 0 0 1 0 0 1 0 0 1 0 0 1 0 0 1 0 0 1 0 0 1 0 0 1 0 0 1 0 0 1 0 0 1 0 0 1 0 0 1 0 0 1 0 0 1 0 0 1 0 0 1 0 0 1 0 0 1 0 0 1 0 0 1 0 0 1 0 0 1 0 0 1 0 0 1 0 0 1 0 0 1 0 0 1 0 0 1 0 0 1 0 0 1 0 0 1 0 0 1 0 0 1 0 0 1 0 0 1 0 0 1 0 0 1 0 0 1 0 0 1 0 0 1 0 0 1 0 0 1 0 0 1 0 0 1 0 0 1 0 0 1 0 0 1 0 0 1 0 0 1 0 0 1 0 0 1 0 0 1 0 0 1 0 0 1 0 0 1 0 0 1 0 0 1 0 0 1 0 0 1 0 0 1 0 0 1 0 0 1 0 0 1 0 0 1 0 0 1 0 0 1 0 0 1 0 0 1 0 0 1 0 0 1 0 0 1 0 0 1 0 0 1 0 0 1 0 0 1 0 0 1 0 0 1 0 0 1 0 0 1 0 0 1 0 0 1 0 0 1 0 0 1 0 0 1 0 0 1 0 0 1 0 0 1 0 0 1 0 0 1 0 0 1 0 0 1 0 0 1 0 0 1 0 0 1 0 0 1 0 0 1 0 0 1 0 0 1 0 0 1 0 0 1 0 0 1 0 0 1 0 0 1 0 0 1 0 1 0 0 1 0 0 0 -1 0 0 -1 0 0 -1 0 0 -1 0 0 -1 0 0 -1 0 0 -1 0 0 -1 0 0 -1 0 0 -1 0 0 -1 0 0 -1 0 0 -1 0 0 -1 0 0 -1 0 0 -1 0 0 -1 0 0 -1 0 0 -1 0 0 -1 0 0 -1 0 0 -1 0 0 -1 0 0 -1 0 0 -1 0 0 -1 0 0 -1 0 0 -1 0 0 -1 0 0 -1 0 0 -1 0 0 -1 0 0 -1 0 0 -1 0 0 -1 0 0 -1 0 0 -1 0 0 -1 0 0 -1 0 0 -1 0 0 -1 0 0 -1 0 0 -1 0 0 -1 0 0 -1 0 0 -1 0 0 -1 0 0 -1 0 0 -1 0 0 -1 0 0 -1 0 0 -1 0 0 -1 0 0 -1 0 0 -1 0 0 -1 0 0 -1 0 0 -1 0 0 -1 0 0 -1 0 0 -1 0 0 -1 0 0 -1 0 0 -1 0 0 -1 0 0 -1 0 0 -1 0 0 -1 0 0 -1 0 0 -1 0 0 -1 0 0 -1 0 0 -1 0 0 -1 0 0 -1 0 0 -1 0 0 -1 0 0 -1 0 0 -1 0 0 -1 0 0 -1 0 0 -1 0 0 -1 0 0 -1 0 0 -1 0 0 -1 0 0 -1 0 0 -1 0 0 -1 0 0 -1 0 0 -1 0 0 -1 0 0 -1 0 0 -1 0 0 -1 0 0 -1 0 0 -1 0 0 -1 0 0 -1 0 0 -1 0 0 -1 0 0 -1 0 0 -1 0 0 -1 0 0 -1 0 0 -1 0 0 -1 0 0 -1 0 0 -1 0 0 -1 0 0 -1 0 0 -1 0 0 -1 0 0 -1 0 0 -1 0 0 -1 0 0 -1 0 0 -1 0 0 -1 0 0 -1 0 0 -1 0 0 -1 0 0 -1 0 0 -1 0 0 -1 0 0 -1 0 0 -1 0 0 -1 0 0 -1 0 0 -1 0 0 -1 0 0 -1 0 0 -1 0 0 -1 0 0 -1 0 0 -1 0 0 -1 0 0 -1 0 0 -1 0 0 -1 0 0 -1 0 0 -1 0 0 -1 0 0 -1 0 0 -1 0 0 -1 0 0 -1 0 0 -1 0 0 -1 0 0 -1 0 0 -1 0 0 -1 0 0 -1 0 0 -1 0 0 -1 0 0 -1 0 0 -1 0 0 -1 0 0 -1 0 0 -1 0 0 -1 0 0 -1 0 0 -1 0 0 -1 0 0 -1 0 0 -1 0 0 -1 0 0 -1 0 0 -1 0 0 -1 0 0 -1 0 0 -1 0 0 -1 0 0 -1 0 0 -1 0 0 -1 0 0 -1 0 0 -1 0 0 -1 0 0 -1 0 0 -1 0 0 -1 0 0 -1 0 0 -1 0 0 -1 0 0 -1 0 0 -1 0 0 -1 0 0 -1 0 0 -1 0 0 -1 0 0 -1 0 0 -1 0 0 -1 0 0 -1 0 0 -1 0 0 -1 0 0 -1 0 0 -1 0 0 -1 0 0 -1 0 0 -1 0 0 -1 0 0 -1 0 0 -1 0 0 -1 0 0 -1 0 0 -1 0 0 -1 0 0 -1 0 0 -1 0 0 -1 0 0 -1 0 0 -1 0 0 -1 0 0 -1 0 0 -1 0 0 -1 0 0 -1 0 0 -1 0 0 -1 0 0 -1 0 0 -1 0 0 -1 0 0 -1 0 0 -1 0 0 -1 0 0 -1 0 0 -1 0 0 -1 0 0 -1 0 0 -1 0 0 -1 0 0 -1 0 -1 0 0 -1 0 0 0 0 -1 0 0 -1 1 0 0 1 0 0 0 0 1 0 0 1 0 1 0 0 1 0 0 -1 0 0 -1 0 0 0 1 0 0 1 1 0 0 1 0 0 -1 0 0 -1 0 0 0 0 -1 0 0 -1 -1 0 0 -1 0 0 0.999607 0 0.0280388 0.999607 0 0.0280388 0.996462 0 0.0840456 0.996462 0 0.0840456 0.99018 0 0.139799 0.99018 0 0.139799 0.980785 0 0.195094 0.980785 0 0.195094 0.968304 0 0.249773 0.968304 0 0.249773 0.952775 0 0.303679 0.952775 0 0.303679 0.934252 0 0.356614 0.934252 0 0.356614 0.91278 0 0.408452 0.91278 0 0.408452 0.888447 0 0.45898 0.888447 0 0.45898 0.861314 0 0.508072 0.861314 0 0.508072 0.831468 0 0.555573 0.831468 0 0.555573 0.799015 0 0.601312 0.799015 0 0.601312 0.764033 0 0.645177 0.764033 0 0.645177 0.726657 0 0.687 0.726657 0 0.687 0.687 0 0.726657 0.687 0 0.726657 0.645168 0 0.764041 0.645168 0 0.764041 0.601321 0 0.799008 0.601321 0 0.799008 0.555563 0 0.831474 0.555563 0 0.831474 0.508083 0 0.861308 0.508083 0 0.861308 0.45898 0 0.888447 0.45898 0 0.888447 0.40844 0 0.912785 0.40844 0 0.912785 0.356626 0 0.934247 0.356626 0 0.934247 0.303683 0 0.952773 0.303683 0 0.952773 0.24977 0 0.968305 0.24977 0 0.968305 0.195097 0 0.980784 0.195097 0 0.980784 0.139783 0 0.990182 0.139783 0 0.990182 0.0840456 0 0.996462 0.0840456 0 0.996462 0.028053 0 0.999606 0.028053 0 0.999606 -0.028053 0 0.999606 -0.028053 0 0.999606 -0.0840456 0 0.996462 -0.0840456 0 0.996462 -0.139785 0 0.990182 -0.139785 0 0.990182 -0.195094 0 0.980785 -0.195094 0 0.980785 -0.249773 0 0.968304 -0.249773 0 0.968304 -0.303679 0 0.952775 -0.303679 0 0.952775 -0.356626 0 0.934247 -0.356626 0 0.934247 -0.40844 0 0.912785 -0.40844 0 0.912785 -0.45898 0 0.888447 -0.45898 0 0.888447 -0.508083 0 0.861308 -0.508083 0 0.861308 -0.555563 0 0.831474 -0.555563 0 0.831474 -0.601328 0 0.799003 -0.601328 0 0.799003 -0.645161 0 0.764046 -0.645161 0 0.764046 -0.687 0 0.726657 -0.687 0 0.726657 -0.726657 0 0.687 -0.726657 0 0.687 -0.764041 0 0.645168 -0.764041 0 0.645168 -0.799008 0 0.601321 -0.799008 0 0.601321 -0.831474 0 0.555563 -0.831474 0 0.555563 -0.861308 0 0.508083 -0.861308 0 0.508083 -0.888447 0 0.45898 -0.888447 0 0.45898 -0.912785 0 0.40844 -0.912785 0 0.40844 -0.934247 0 0.356626 -0.934247 0 0.356626 -0.952775 0 0.303679 -0.952775 0 0.303679 -0.968304 0 0.249773 -0.968304 0 0.249773 -0.980785 0 0.195094 -0.980785 0 0.195094 -0.990182 0 0.139785 -0.990182 0 0.139785 -0.996462 0 0.0840456 -0.996462 0 0.0840456 -0.999606 0 0.028053 -0.999606 0 0.028053 1 0 0 1 0 0 -0.999606 0 -0.0280534 -0.999606 0 -0.0280534 -0.996462 0 -0.0840444 -0.996462 0 -0.0840444 -0.990182 0 -0.139783 -0.990182 0 -0.139783 -0.980784 0 -0.195097 -0.980784 0 -0.195097 -0.968305 0 -0.24977 -0.968305 0 -0.24977 -0.952775 0 -0.303679 -0.952775 0 -0.303679 -0.934247 0 -0.356626 -0.934247 0 -0.356626 -0.912783 0 -0.408446 -0.912783 0 -0.408446 -0.88845 0 -0.458974 -0.88845 0 -0.458974 -0.861308 0 -0.508083 -0.861308 0 -0.508083 -0.831466 0 -0.555576 -0.831466 0 -0.555576 -0.799013 0 -0.601314 -0.799013 0 -0.601314 -0.764041 0 -0.645168 -0.764041 0 -0.645168 -0.726657 0 -0.687 -0.726657 0 -0.687 -0.686993 0 -0.726664 -0.686993 0 -0.726664 -0.645178 0 -0.764032 -0.645178 0 -0.764032 -0.601328 0 -0.799003 -0.601328 0 -0.799003 -0.555563 0 -0.831474 -0.555563 0 -0.831474 -0.508072 0 -0.861314 -0.508072 0 -0.861314 -0.458991 0 -0.888441 -0.458991 0 -0.888441 -0.40844 0 -0.912785 -0.40844 0 -0.912785 -0.356614 0 -0.934252 -0.356614 0 -0.934252 -0.303679 0 -0.952775 -0.303679 0 -0.952775 -0.249786 0 -0.968301 -0.249786 0 -0.968301 -0.195067 0 -0.98079 -0.195067 0 -0.98079 -0.139813 0 -0.990178 -0.139813 0 -0.990178 -0.0840456 0 -0.996462 -0.0840456 0 -0.996462 -0.028053 0 -0.999606 -0.028053 0 -0.999606 0.028053 0 -0.999606 0.028053 0 -0.999606 0.0840456 0 -0.996462 0.0840456 0 -0.996462 0.139811 0 -0.990178 0.139811 0 -0.990178 0.19507 0 -0.980789 0.19507 0 -0.980789 0.249783 0 -0.968302 0.249783 0 -0.968302 0.303683 0 -0.952773 0.303683 0 -0.952773 0.356614 0 -0.934252 0.356614 0 -0.934252 0.40844 0 -0.912785 0.40844 0 -0.912785 0.458991 0 -0.888441 0.458991 0 -0.888441 0.508072 0 -0.861314 0.508072 0 -0.861314 0.555563 0 -0.831474 0.555563 0 -0.831474 0.601321 0 -0.799008 0.601321 0 -0.799008 0.645185 0 -0.764027 0.645185 0 -0.764027 0.686993 0 -0.726664 0.686993 0 -0.726664 0.726657 0 -0.687 0.726657 0 -0.687 0.764033 0 -0.645177 0.764033 0 -0.645177 0.79902 0 -0.601305 0.79902 0 -0.601305 0.831459 0 -0.555586 0.831459 0 -0.555586 0.861314 0 -0.508072 0.861314 0 -0.508072 0.88845 0 -0.458974 0.88845 0 -0.458974 0.912777 0 -0.408457 0.912777 0 -0.408457 0.934252 0 -0.356614 0.934252 0 -0.356614 0.952775 0 -0.303679 0.952775 0 -0.303679 0.968305 0 -0.24977 0.968305 0 -0.24977 0.980784 0 -0.195097 0.980784 0 -0.195097 0.99018 0 -0.139797 0.99018 0 -0.139797 0.996462 0 -0.0840444 0.996462 0 -0.0840444 0.999607 0 -0.0280392 0.999607 0 -0.0280392 -0.999606 0 0.028053 -0.999606 0 0.028053 -0.996462 0 0.0840459 -0.996462 0 0.0840459 -0.99018 0 0.139797 -0.99018 0 0.139797 -0.980787 0 0.195082 -0.980787 0 0.195082 -0.968302 0 0.249784 -0.968302 0 0.249784 -0.952778 0 0.303668 -0.952778 0 0.303668 -0.934247 0 0.356626 -0.934247 0 0.356626 -0.912784 0 0.408442 -0.912784 0 0.408442 -0.888448 0 0.458978 -0.888448 0 0.458978 -0.861308 0 0.508083 -0.861308 0 0.508083 -0.831473 0 0.555565 -0.831473 0 0.555565 -0.799006 0 0.601322 -0.799006 0 0.601322 -0.764042 0 0.645167 -0.764042 0 0.645167 -0.726659 0 0.686999 -0.726659 0 0.686999 -0.686998 0 0.72666 -0.686998 0 0.72666 -0.645168 0 0.764041 -0.645168 0 0.764041 -0.601322 0 0.799007 -0.601322 0 0.799007 -0.555568 0 0.831471 -0.555568 0 0.831471 -0.508076 0 0.861312 -0.508076 0 0.861312 -0.458982 0 0.888445 -0.458982 0 0.888445 -0.408443 0 0.912784 -0.408443 0 0.912784 -0.356622 0 0.934249 -0.356622 0 0.934249 -0.303675 0 0.952776 -0.303675 0 0.952776 -0.249778 0 0.968303 -0.249778 0 0.968303 -0.195089 0 0.980786 -0.195089 0 0.980786 -0.13979 0 0.990181 -0.13979 0 0.990181 -0.0840509 0 0.996462 -0.0840509 0 0.996462 -0.0280463 0 0.999607 -0.0280463 0 0.999607 0.0280459 0 0.999607 0.0280459 0 0.999607 0.0840509 0 0.996462 0.0840509 0 0.996462 0.13979 0 0.990181 0.13979 0 0.990181 0.195089 0 0.980786 0.195089 0 0.980786 0.249778 0 0.968303 0.249778 0 0.968303 0.303675 0 0.952776 0.303675 0 0.952776 0.356622 0 0.934249 0.356622 0 0.934249 0.408443 0 0.912784 0.408443 0 0.912784 0.458982 0 0.888445 0.458982 0 0.888445 0.508076 0 0.861312 0.508076 0 0.861312 0.555575 0 0.831467 0.555575 0 0.831467 0.601315 0 0.799012 0.601315 0 0.799012 0.645175 0 0.764035 0.645175 0 0.764035 0.68699 0 0.726666 0.68699 0 0.726666 0.726666 0 0.686991 0.726666 0 0.686991 0.764035 0 0.645175 0.764035 0 0.645175 0.799006 0 0.601322 0.799006 0 0.601322 0.831473 0 0.555565 0.831473 0 0.555565 0.861314 0 0.508072 0.861314 0 0.508072 0.888442 0 0.458989 0.888442 0 0.458989 0.912784 0 0.408442 0.912784 0 0.408442 0.934247 0 0.356626 0.934247 0 0.356626 0.952778 0 0.303668 0.952778 0 0.303668 0.968302 0 0.249784 0.968302 0 0.249784 0.980787 0 0.195082 0.980787 0 0.195082 0.99018 0 0.139797 0.99018 0 0.139797 0.996462 0 0.0840459 0.996462 0 0.0840459 0.999606 0 0.028053 0.999606 0 0.028053 0.999606 0 -0.028053 0.999606 0 -0.028053 0.996462 0 -0.0840456 0.996462 0 -0.0840456 0.99018 0 -0.139797 0.99018 0 -0.139797 0.980787 0 -0.195082 0.980787 0 -0.195082 0.968301 0 -0.249785 0.968301 0 -0.249785 0.952778 0 -0.303668 0.952778 0 -0.303668 0.934248 0 -0.356625 0.934248 0 -0.356625 0.912784 0 -0.408443 0.912784 0 -0.408443 0.888443 0 -0.458988 0.888443 0 -0.458988 0.861314 0 -0.508072 0.861314 0 -0.508072 0.831472 0 -0.555566 0.831472 0 -0.555566 0.799008 0 -0.601321 0.799008 0 -0.601321 0.764033 0 -0.645177 0.764033 0 -0.645177 0.726667 0 -0.686989 0.726667 0 -0.686989 0.68699 0 -0.726667 0.68699 0 -0.726667 0.645177 0 -0.764033 0.645177 0 -0.764033 0.601312 0 -0.799015 0.601312 0 -0.799015 0.555575 0 -0.831467 0.555575 0 -0.831467 0.508078 0 -0.861311 0.508078 0 -0.861311 0.458985 0 -0.888444 0.458985 0 -0.888444 0.40844 0 -0.912785 0.40844 0 -0.912785 0.35662 0 -0.93425 0.35662 0 -0.93425 0.303679 0 -0.952775 0.303679 0 -0.952775 0.24978 0 -0.968303 0.24978 0 -0.968303 0.195087 0 -0.980786 0.195087 0 -0.980786 0.13979 0 -0.990181 0.13979 0 -0.990181 0.0840527 0 -0.996461 0.0840527 0 -0.996461 0.0280459 0 -0.999607 0.0280459 0 -0.999607 -0.0280463 0 -0.999607 -0.0280463 0 -0.999607 -0.0840527 0 -0.996461 -0.0840527 0 -0.996461 -0.13979 0 -0.990181 -0.13979 0 -0.990181 -0.195087 0 -0.980786 -0.195087 0 -0.980786 -0.24978 0 -0.968303 -0.24978 0 -0.968303 -0.303679 0 -0.952775 -0.303679 0 -0.952775 -0.35662 0 -0.93425 -0.35662 0 -0.93425 -0.40844 0 -0.912785 -0.40844 0 -0.912785 -0.458985 0 -0.888444 -0.458985 0 -0.888444 -0.508078 0 -0.861311 -0.508078 0 -0.861311 -0.555568 0 -0.831471 -0.555568 0 -0.831471 -0.601319 0 -0.799009 -0.601319 0 -0.799009 -0.64517 0 -0.764039 -0.64517 0 -0.764039 -0.686997 0 -0.726661 -0.686997 0 -0.726661 -0.72666 0 -0.686997 -0.72666 0 -0.686997 -0.764041 0 -0.645168 -0.764041 0 -0.645168 -0.799008 0 -0.601321 -0.799008 0 -0.601321 -0.831472 0 -0.555566 -0.831472 0 -0.555566 -0.861308 0 -0.508083 -0.861308 0 -0.508083 -0.888448 0 -0.458977 -0.888448 0 -0.458977 -0.912784 0 -0.408443 -0.912784 0 -0.408443 -0.934248 0 -0.356625 -0.934248 0 -0.356625 -0.952778 0 -0.303668 -0.952778 0 -0.303668 -0.968301 0 -0.249785 -0.968301 0 -0.249785 -0.980787 0 -0.195082 -0.980787 0 -0.195082 -0.99018 0 -0.139797 -0.99018 0 -0.139797 -0.996462 0 -0.0840456 -0.996462 0 -0.0840456 -0.999606 0 -0.028053 -0.999606 0 -0.028053 -1 0 0 -1 0 0 0 1 0 0 1 0 0 1 0 0 1 0 0 1 0 0 1 0 0 1 0 0 1 0 0 1 0 0 1 0 0 1 0 0 1 0 0 1 0 0 1 0 0 1 0 0 1 0 0 1 0 0 1 0 0 1 0 0 1 0 0 1 0 0 1 0 0 1 0 0 1 0 0 1 0 0 1 0 0 1 0 0 1 0 0 1 0 0 1 0 0 1 0 0 1 0 0 1 0 0 1 0 0 1 0 0 1 0 0 1 0 0 1 0 0 1 0 0 1 0 0 1 0 0 1 0 0 1 0 0 1 0 0 1 0 0 1 0 0 1 0 0 1 0 0 1 0 0 1 0 0 1 0 0 1 0 0 1 0 0 1 0 0 1 0 0 1 0 0 1 0 0 1 0 0 1 0 0 1 0 0 1 0 0 1 0 0 1 0 0 1 0 0 1 0 0 1 0 0 1 0 0 1 0 0 1 0 0 1 0 0 1 0 0 1 0 0 1 0 0 1 0 0 1 0 0 1 0 0 1 0 0 1 0 0 1 0 0 1 0 0 1 0 0 1 0 0 1 0 0 1 0 0 1 0 0 1 0 0 1 0 0 1 0 0 1 0 0 1 0 0 1 0 0 1 0 0 1 0 0 1 0 0 1 0 0 1 0 0 1 0 0 1 0 0 1 0 0 1 0 0 1 0 0 1 0 0 1 0 0 1 0 0 1 0 0 1 0 0 1 0 0 1 0 0 1 0 0 1 0 0 1 0 0 1 0 0 1 0 0 1 0 0 1 0 0 1 0 0 1 0 0 1 0 0 1 0 0 1 0 0 1 0 0 1 0 0 1 0 0 1 0 0 1 0 0 1 0 0 1 0 0 1 0 0 1 0 0 1 0 0 1 0 0 1 0 0 1 0 0 1 0 0 1 0 0 1 0 0 1 0 0 1 0 0 1 0 0 1 0 0 1 0 0 1 0 0 1 0 0 1 0 0 1 0 0 1 0 0 1 0 0 1 0 0 1 0 0 1 0 0 1 0 0 1 0 0 1 0 0 1 0 0 1 0 0 1 0 0 1 0 0 1 0 0 1 0 0 1 0 0 1 0 0 1 0 0 1 0 0 1 0 0 1 0 0 1 0 0 1 0 0 1 0 0 1 0 0 1 0 0 1 0 0 1 0 0 1 0 0 1 0 0 1 0 0 1 0 0 1 0 0 1 0 0 1 0 0 1 0 0 1 0 0 1 0 0 1 0 0 1 0 0 1 0 0 1 0 0 1 0 0 1 0 0 1 0 0 1 0 0 1 0 0 1 0 0 1 0 0 1 0 0 1 0 0 1 0 0 1 0 0 1 0 0 1 0 0 1 0 0 1 0 0 1 0 0 1 0 0 1 0 0 1 0 0 1 0 0 1 0 0 1 0 0 1 0 0 1 0 0 1 0 0 1 0 0 1 0 0 1 0 0 1 0 0 1 0 0 1 0 0 1 0 0 1 0 0 1 0 0 1 0 0 1 0 0 1 0 0 1 0 0 1 0 0 1 0 0 1 0 0 1 0 0 1 0 0 1 0 0 1 0 0 1 0 0 1 0 0 1 0 1 0 0 1 0 0 0 -1 0 0 -1 0 0 -1 0 0 -1 0 0 -1 0 0 -1 0 0 -1 0 0 -1 0 0 -1 0 0 -1 0 0 -1 0 0 -1 0 0 -1 0 0 -1 0 0 -1 0 0 -1 0 0 -1 0 0 -1 0 0 -1 0 0 -1 0 0 -1 0 0 -1 0 0 -1 0 0 -1 0 0 -1 0 0 -1 0 0 -1 0 0 -1 0 0 -1 0 0 -1 0 0 -1 0 0 -1 0 0 -1 0 0 -1 0 0 -1 0 0 -1 0 0 -1 0 0 -1 0 0 -1 0 0 -1 0 0 -1 0 0 -1 0 0 -1 0 0 -1 0 0 -1 0 0 -1 0 0 -1 0 0 -1 0 0 -1 0 0 -1 0 0 -1 0 0 -1 0 0 -1 0 0 -1 0 0 -1 0 0 -1 0 0 -1 0 0 -1 0 0 -1 0 0 -1 0 0 -1 0 0 -1 0 0 -1 0 0 -1 0 0 -1 0 0 -1 0 0 -1 0 0 -1 0 0 -1 0 0 -1 0 0 -1 0 0 -1 0 0 -1 0 0 -1 0 0 -1 0 0 -1 0 0 -1 0 0 -1 0 0 -1 0 0 -1 0 0 -1 0 0 -1 0 0 -1 0 0 -1 0 0 -1 0 0 -1 0 0 -1 0 0 -1 0 0 -1 0 0 -1 0 0 -1 0 0 -1 0 0 -1 0 0 -1 0 0 -1 0 0 -1 0 0 -1 0 0 -1 0 0 -1 0 0 -1 0 0 -1 0 0 -1 0 0 -1 0 0 -1 0 0 -1 0 0 -1 0 0 -1 0 0 -1 0 0 -1 0 0 -1 0 0 -1 0 0 -1 0 0 -1 0 0 -1 0 0 -1 0 0 -1 0 0 -1 0 0 -1 0 0 -1 0 0 -1 0 0 -1 0 0 -1 0 0 -1 0 0 -1 0 0 -1 0 0 -1 0 0 -1 0 0 -1 0 0 -1 0 0 -1 0 0 -1 0 0 -1 0 0 -1 0 0 -1 0 0 -1 0 0 -1 0 0 -1 0 0 -1 0 0 -1 0 0 -1 0 0 -1 0 0 -1 0 0 -1 0 0 -1 0 0 -1 0 0 -1 0 0 -1 0 0 -1 0 0 -1 0 0 -1 0 0 -1 0 0 -1 0 0 -1 0 0 -1 0 0 -1 0 0 -1 0 0 -1 0 0 -1 0 0 -1 0 0 -1 0 0 -1 0 0 -1 0 0 -1 0 0 -1 0 0 -1 0 0 -1 0 0 -1 0 0 -1 0 0 -1 0 0 -1 0 0 -1 0 0 -1 0 0 -1 0 0 -1 0 0 -1 0 0 -1 0 0 -1 0 0 -1 0 0 -1 0 0 -1 0 0 -1 0 0 -1 0 0 -1 0 0 -1 0 0 -1 0 0 -1 0 0 -1 0 0 -1 0 0 -1 0 0 -1 0 0 -1 0 0 -1 0 0 -1 0 0 -1 0 0 -1 0 0 -1 0 0 -1 0 0 -1 0 0 -1 0 0 -1 0 0 -1 0 0 -1 0 0 -1 0 0 -1 0 0 -1 0 0 -1 0 0 -1 0 0 -1 0 0 -1 0 0 -1 0 0 -1 0 0 -1 0 0 -1 0 0 -1 0 0 -1 0 0 -1 0 0 -1 0 0 -1 0 0 -1 0 0 -1 0 0 -1 0 0 -1 0 0 -1 0 0 -1 0 0 -1 0 0 -1 0 0 -1 0 0 -1 0 0 -1 0 0 -1 0 0 -1 0 0 -1 0 0 -1 0 0 -1 0 -1 0 0 -1 0 0 0 0 -1 0 0 -1 1 0 0 1 0 0 0 0 1 0 0 1 0 0 -1 0 0 -1 0 0 1 0 0 1 0 1 0 0 1 0 1 0 0 1 0 0 -1 0 0 -1 0 0 0 -1 0 0 -1 0 0 1 0 0 1 0 0 -1 0 0 -1 0 0 0 1 0 0 1 1 0 0 1 0 0 -1 0 0 -1 0 0 0 0 -1 0 0 -1 -1 0 0 -1 0 0 1 0 0 1 0 0 0 1 0 0 1 0 0 0 -1 0 0 -1 0 0 1 0 0 1 0 -1 0 0 -1 0 -1 0 0 -1 0 0 0.999607 0 0.0280388 0.999607 0 0.0280388 0.996462 0 0.0840456 0.996462 0 0.0840456 0.99018 0 0.139799 0.99018 0 0.139799 0.980785 0 0.195094 0.980785 0 0.195094 0.968304 0 0.249773 0.968304 0 0.249773 0.952775 0 0.303678 0.952775 0 0.303678 0.934252 0 0.356614 0.934252 0 0.356614 0.91278 0 0.408452 0.91278 0 0.408452 0.888447 0 0.45898 0.888447 0 0.45898 0.861314 0 0.508072 0.861314 0 0.508072 0.831468 0 0.555573 0.831468 0 0.555573 0.799015 0 0.601312 0.799015 0 0.601312 0.764033 0 0.645177 0.764033 0 0.645177 0.726657 0 0.687 0.726657 0 0.687 0.687 0 0.726657 0.687 0 0.726657 0.645168 0 0.76404 0.645168 0 0.76404 0.601321 0 0.799008 0.601321 0 0.799008 0.555563 0 0.831474 0.555563 0 0.831474 0.508083 0 0.861308 0.508083 0 0.861308 0.45898 0 0.888447 0.45898 0 0.888447 0.40844 0 0.912785 0.40844 0 0.912785 0.356626 0 0.934247 0.356626 0 0.934247 0.303683 0 0.952773 0.303683 0 0.952773 0.24977 0 0.968305 0.24977 0 0.968305 0.195097 0 0.980784 0.195097 0 0.980784 0.139783 0 0.990182 0.139783 0 0.990182 0.0840456 0 0.996462 0.0840456 0 0.996462 0.028053 0 0.999606 0.028053 0 0.999606 -0.028053 0 0.999606 -0.028053 0 0.999606 -0.0840456 0 0.996462 -0.0840456 0 0.996462 -0.139785 0 0.990182 -0.139785 0 0.990182 -0.195094 0 0.980785 -0.195094 0 0.980785 -0.249773 0 0.968304 -0.249773 0 0.968304 -0.303678 0 0.952775 -0.303678 0 0.952775 -0.356626 0 0.934247 -0.356626 0 0.934247 -0.40844 0 0.912785 -0.40844 0 0.912785 -0.45898 0 0.888447 -0.45898 0 0.888447 -0.508083 0 0.861308 -0.508083 0 0.861308 -0.555563 0 0.831474 -0.555563 0 0.831474 -0.601328 0 0.799003 -0.601328 0 0.799003 -0.645161 0 0.764046 -0.645161 0 0.764046 -0.687 0 0.726657 -0.687 0 0.726657 -0.726657 0 0.687 -0.726657 0 0.687 -0.76404 0 0.645168 -0.76404 0 0.645168 -0.799008 0 0.601321 -0.799008 0 0.601321 -0.831474 0 0.555563 -0.831474 0 0.555563 -0.861308 0 0.508083 -0.861308 0 0.508083 -0.888447 0 0.45898 -0.888447 0 0.45898 -0.912785 0 0.40844 -0.912785 0 0.40844 -0.934247 0 0.356626 -0.934247 0 0.356626 -0.952775 0 0.303678 -0.952775 0 0.303678 -0.968304 0 0.249773 -0.968304 0 0.249773 -0.980785 0 0.195094 -0.980785 0 0.195094 -0.990182 0 0.139785 -0.990182 0 0.139785 -0.996462 0 0.0840456 -0.996462 0 0.0840456 -0.999606 0 0.028053 -0.999606 0 0.028053 1 0 0 1 0 0 -0.999606 0 -0.0280534 -0.999606 0 -0.0280534 -0.996462 0 -0.0840444 -0.996462 0 -0.0840444 -0.990182 0 -0.139783 -0.990182 0 -0.139783 -0.980784 0 -0.195097 -0.980784 0 -0.195097 -0.968305 0 -0.24977 -0.968305 0 -0.24977 -0.952775 0 -0.303678 -0.952775 0 -0.303678 -0.934247 0 -0.356626 -0.934247 0 -0.356626 -0.912783 0 -0.408446 -0.912783 0 -0.408446 -0.88845 0 -0.458974 -0.88845 0 -0.458974 -0.861308 0 -0.508083 -0.861308 0 -0.508083 -0.831466 0 -0.555576 -0.831466 0 -0.555576 -0.799013 0 -0.601314 -0.799013 0 -0.601314 -0.76404 0 -0.645168 -0.76404 0 -0.645168 -0.726657 0 -0.687 -0.726657 0 -0.687 -0.686993 0 -0.726664 -0.686993 0 -0.726664 -0.645178 0 -0.764032 -0.645178 0 -0.764032 -0.601328 0 -0.799003 -0.601328 0 -0.799003 -0.555563 0 -0.831474 -0.555563 0 -0.831474 -0.508072 0 -0.861314 -0.508072 0 -0.861314 -0.458991 0 -0.888441 -0.458991 0 -0.888441 -0.40844 0 -0.912785 -0.40844 0 -0.912785 -0.356614 0 -0.934252 -0.356614 0 -0.934252 -0.303678 0 -0.952775 -0.303678 0 -0.952775 -0.249786 0 -0.968301 -0.249786 0 -0.968301 -0.195067 0 -0.98079 -0.195067 0 -0.98079 -0.139813 0 -0.990178 -0.139813 0 -0.990178 -0.0840456 0 -0.996462 -0.0840456 0 -0.996462 -0.028053 0 -0.999606 -0.028053 0 -0.999606 0.028053 0 -0.999606 0.028053 0 -0.999606 0.0840456 0 -0.996462 0.0840456 0 -0.996462 0.139811 0 -0.990178 0.139811 0 -0.990178 0.19507 0 -0.980789 0.19507 0 -0.980789 0.249783 0 -0.968302 0.249783 0 -0.968302 0.303683 0 -0.952773 0.303683 0 -0.952773 0.356614 0 -0.934252 0.356614 0 -0.934252 0.40844 0 -0.912785 0.40844 0 -0.912785 0.458991 0 -0.888441 0.458991 0 -0.888441 0.508072 0 -0.861314 0.508072 0 -0.861314 0.555563 0 -0.831474 0.555563 0 -0.831474 0.601321 0 -0.799008 0.601321 0 -0.799008 0.645185 0 -0.764027 0.645185 0 -0.764027 0.686993 0 -0.726664 0.686993 0 -0.726664 0.726657 0 -0.687 0.726657 0 -0.687 0.764033 0 -0.645177 0.764033 0 -0.645177 0.79902 0 -0.601305 0.79902 0 -0.601305 0.831459 0 -0.555586 0.831459 0 -0.555586 0.861314 0 -0.508072 0.861314 0 -0.508072 0.88845 0 -0.458974 0.88845 0 -0.458974 0.912777 0 -0.408457 0.912777 0 -0.408457 0.934252 0 -0.356614 0.934252 0 -0.356614 0.952775 0 -0.303678 0.952775 0 -0.303678 0.968305 0 -0.24977 0.968305 0 -0.24977 0.980784 0 -0.195097 0.980784 0 -0.195097 0.99018 0 -0.139797 0.99018 0 -0.139797 0.996462 0 -0.0840444 0.996462 0 -0.0840444 0.999607 0 -0.0280392 0.999607 0 -0.0280392 -0.999606 0 0.028053 -0.999606 0 0.028053 -0.996462 0 0.0840459 -0.996462 0 0.0840459 -0.99018 0 0.139797 -0.99018 0 0.139797 -0.980787 0 0.195082 -0.980787 0 0.195082 -0.968302 0 0.249784 -0.968302 0 0.249784 -0.952778 0 0.303668 -0.952778 0 0.303668 -0.934247 0 0.356626 -0.934247 0 0.356626 -0.912784 0 0.408442 -0.912784 0 0.408442 -0.888448 0 0.458978 -0.888448 0 0.458978 -0.861308 0 0.508083 -0.861308 0 0.508083 -0.831473 0 0.555565 -0.831473 0 0.555565 -0.799006 0 0.601323 -0.799006 0 0.601323 -0.764042 0 0.645167 -0.764042 0 0.645167 -0.726659 0 0.686999 -0.726659 0 0.686999 -0.686998 0 0.72666 -0.686998 0 0.72666 -0.645168 0 0.764041 -0.645168 0 0.764041 -0.601322 0 0.799007 -0.601322 0 0.799007 -0.555568 0 0.831471 -0.555568 0 0.831471 -0.508076 0 0.861312 -0.508076 0 0.861312 -0.458982 0 0.888445 -0.458982 0 0.888445 -0.408443 0 0.912784 -0.408443 0 0.912784 -0.356622 0 0.934249 -0.356622 0 0.934249 -0.303675 0 0.952776 -0.303675 0 0.952776 -0.249778 0 0.968303 -0.249778 0 0.968303 -0.195089 0 0.980786 -0.195089 0 0.980786 -0.13979 0 0.990181 -0.13979 0 0.990181 -0.0840509 0 0.996462 -0.0840509 0 0.996462 -0.0280463 0 0.999607 -0.0280463 0 0.999607 0.0280459 0 0.999607 0.0280459 0 0.999607 0.0840509 0 0.996462 0.0840509 0 0.996462 0.13979 0 0.990181 0.13979 0 0.990181 0.195089 0 0.980786 0.195089 0 0.980786 0.249778 0 0.968303 0.249778 0 0.968303 0.303675 0 0.952776 0.303675 0 0.952776 0.356622 0 0.934249 0.356622 0 0.934249 0.408443 0 0.912784 0.408443 0 0.912784 0.458982 0 0.888445 0.458982 0 0.888445 0.508076 0 0.861312 0.508076 0 0.861312 0.555575 0 0.831467 0.555575 0 0.831467 0.601315 0 0.799012 0.601315 0 0.799012 0.645175 0 0.764035 0.645175 0 0.764035 0.68699 0 0.726666 0.68699 0 0.726666 0.726666 0 0.686991 0.726666 0 0.686991 0.764035 0 0.645175 0.764035 0 0.645175 0.799006 0 0.601323 0.799006 0 0.601323 0.831473 0 0.555565 0.831473 0 0.555565 0.861314 0 0.508072 0.861314 0 0.508072 0.888442 0 0.458989 0.888442 0 0.458989 0.912784 0 0.408442 0.912784 0 0.408442 0.934247 0 0.356626 0.934247 0 0.356626 0.952778 0 0.303668 0.952778 0 0.303668 0.968302 0 0.249784 0.968302 0 0.249784 0.980787 0 0.195082 0.980787 0 0.195082 0.99018 0 0.139797 0.99018 0 0.139797 0.996462 0 0.0840459 0.996462 0 0.0840459 0.999606 0 0.028053 0.999606 0 0.028053 0.999606 0 -0.028053 0.999606 0 -0.028053 0.996462 0 -0.0840456 0.996462 0 -0.0840456 0.99018 0 -0.139797 0.99018 0 -0.139797 0.980787 0 -0.195082 0.980787 0 -0.195082 0.968301 0 -0.249785 0.968301 0 -0.249785 0.952778 0 -0.303668 0.952778 0 -0.303668 0.934248 0 -0.356625 0.934248 0 -0.356625 0.912784 0 -0.408443 0.912784 0 -0.408443 0.888443 0 -0.458988 0.888443 0 -0.458988 0.861314 0 -0.508072 0.861314 0 -0.508072 0.831472 0 -0.555566 0.831472 0 -0.555566 0.799008 0 -0.601321 0.799008 0 -0.601321 0.764033 0 -0.645177 0.764033 0 -0.645177 0.726667 0 -0.686989 0.726667 0 -0.686989 0.68699 0 -0.726667 0.68699 0 -0.726667 0.645177 0 -0.764033 0.645177 0 -0.764033 0.601312 0 -0.799015 0.601312 0 -0.799015 0.555575 0 -0.831467 0.555575 0 -0.831467 0.508078 0 -0.861311 0.508078 0 -0.861311 0.458985 0 -0.888444 0.458985 0 -0.888444 0.40844 0 -0.912785 0.40844 0 -0.912785 0.35662 0 -0.93425 0.35662 0 -0.93425 0.303678 0 -0.952775 0.303678 0 -0.952775 0.24978 0 -0.968303 0.24978 0 -0.968303 0.195087 0 -0.980786 0.195087 0 -0.980786 0.13979 0 -0.990181 0.13979 0 -0.990181 0.0840527 0 -0.996461 0.0840527 0 -0.996461 0.0280459 0 -0.999607 0.0280459 0 -0.999607 -0.0280463 0 -0.999607 -0.0280463 0 -0.999607 -0.0840527 0 -0.996461 -0.0840527 0 -0.996461 -0.13979 0 -0.990181 -0.13979 0 -0.990181 -0.195087 0 -0.980786 -0.195087 0 -0.980786 -0.24978 0 -0.968303 -0.24978 0 -0.968303 -0.303678 0 -0.952775 -0.303678 0 -0.952775 -0.35662 0 -0.93425 -0.35662 0 -0.93425 -0.40844 0 -0.912785 -0.40844 0 -0.912785 -0.458985 0 -0.888444 -0.458985 0 -0.888444 -0.508078 0 -0.861311 -0.508078 0 -0.861311 -0.555568 0 -0.831471 -0.555568 0 -0.831471 -0.601319 0 -0.799009 -0.601319 0 -0.799009 -0.64517 0 -0.764039 -0.64517 0 -0.764039 -0.686997 0 -0.726661 -0.686997 0 -0.726661 -0.72666 0 -0.686997 -0.72666 0 -0.686997 -0.76404 0 -0.645168 -0.76404 0 -0.645168 -0.799008 0 -0.601321 -0.799008 0 -0.601321 -0.831472 0 -0.555566 -0.831472 0 -0.555566 -0.861308 0 -0.508083 -0.861308 0 -0.508083 -0.888448 0 -0.458977 -0.888448 0 -0.458977 -0.912784 0 -0.408443 -0.912784 0 -0.408443 -0.934248 0 -0.356625 -0.934248 0 -0.356625 -0.952778 0 -0.303668 -0.952778 0 -0.303668 -0.968301 0 -0.249785 -0.968301 0 -0.249785 -0.980787 0 -0.195082 -0.980787 0 -0.195082 -0.99018 0 -0.139797 -0.99018 0 -0.139797 -0.996462 0 -0.0840456 -0.996462 0 -0.0840456 -0.999606 0 -0.028053 -0.999606 0 -0.028053 -1 0 0 -1 0 0 0 1 0 0 1 0 0 1 0 0 1 0 0 1 0 0 1 0 0 1 0 0 1 0 0 1 0 0 1 0 0 1 0 0 1 0 0 1 0 0 1 0 0 1 0 0 1 0 0 1 0 0 1 0 0 1 0 0 1 0 0 1 0 0 1 0 0 1 0 0 1 0 0 1 0 0 1 0 0 1 0 0 1 0 0 1 0 0 1 0 0 1 0 0 1 0 0 1 0 0 1 0 0 1 0 0 1 0 0 1 0 0 1 0 0 1 0 0 1 0 0 1 0 0 1 0 0 1 0 0 1 0 0 1 0 0 1 0 0 1 0 0 1 0 0 1 0 0 1 0 0 1 0 0 1 0 0 1 0 0 1 0 0 1 0 0 1 0 0 1 0 0 1 0 0 1 0 0 1 0 0 1 0 0 1 0 0 1 0 0 1 0 0 1 0 0 1 0 0 1 0 0 1 0 0 1 0 0 1 0 0 1 0 0 1 0 0 1 0 0 1 0 0 1 0 0 1 0 0 1 0 0 1 0 0 1 0 0 1 0 0 1 0 0 1 0 0 1 0 0 1 0 0 1 0 0 1 0 0 1 0 0 1 0 0 1 0 0 1 0 0 1 0 0 1 0 0 1 0 0 1 0 0 1 0 0 1 0 0 1 0 0 1 0 0 1 0 0 1 0 0 1 0 0 1 0 0 1 0 0 1 0 0 1 0 0 1 0 0 1 0 0 1 0 0 1 0 0 1 0 0 1 0 0 1 0 0 1 0 0 1 0 0 1 0 0 1 0 0 1 0 0 1 0 0 1 0 0 1 0 0 1 0 0 1 0 0 1 0 0 1 0 0 1 0 0 1 0 0 1 0 0 1 0 0 1 0 0 1 0 0 1 0 0 1 0 0 1 0 0 1 0 0 1 0 0 1 0 0 1 0 0 1 0 0 1 0 0 1 0 0 1 0 0 1 0 0 1 0 0 1 0 0 1 0 0 1 0 0 1 0 0 1 0 0 1 0 0 1 0 0 1 0 0 1 0 0 1 0 0 1 0 0 1 0 0 1 0 0 1 0 0 1 0 0 1 0 0 1 0 0 1 0 0 1 0 0 1 0 0 1 0 0 1 0 0 1 0 0 1 0 0 1 0 0 1 0 0 1 0 0 1 0 0 1 0 0 1 0 0 1 0 0 1 0 0 1 0 0 1 0 0 1 0 0 1 0 0 1 0 0 1 0 0 1 0 0 1 0 0 1 0 0 1 0 0 1 0 0 1 0 0 1 0 0 1 0 0 1 0 0 1 0 0 1 0 0 1 0 0 1 0 0 1 0 0 1 0 0 1 0 0 1 0 0 1 0 0 1 0 0 1 0 0 1 0 0 1 0 0 1 0 0 1 0 0 1 0 0 1 0 0 1 0 0 1 0 0 1 0 0 1 0 0 1 0 0 1 0 0 1 0 0 1 0 0 1 0 0 1 0 0 1 0 0 1 0 0 1 0 0 1 0 0 1 0 0 1 0 0 1 0 0 1 0 0 1 0 0 1 0 0 1 0 0 1 0 0 1 0 0 1 0 0 1 0 0 1 0 0 1 0 1 0 0 1 0 0 0 -1 0 0 -1 0 0 -1 0 0 -1 0 0 -1 0 0 -1 0 0 -1 0 0 -1 0 0 -1 0 0 -1 0 0 -1 0 0 -1 0 0 -1 0 0 -1 0 0 -1 0 0 -1 0 0 -1 0 0 -1 0 0 -1 0 0 -1 0 0 -1 0 0 -1 0 0 -1 0 0 -1 0 0 -1 0 0 -1 0 0 -1 0 0 -1 0 0 -1 0 0 -1 0 0 -1 0 0 -1 0 0 -1 0 0 -1 0 0 -1 0 0 -1 0 0 -1 0 0 -1 0 0 -1 0 0 -1 0 0 -1 0 0 -1 0 0 -1 0 0 -1 0 0 -1 0 0 -1 0 0 -1 0 0 -1 0 0 -1 0 0 -1 0 0 -1 0 0 -1 0 0 -1 0 0 -1 0 0 -1 0 0 -1 0 0 -1 0 0 -1 0 0 -1 0 0 -1 0 0 -1 0 0 -1 0 0 -1 0 0 -1 0 0 -1 0 0 -1 0 0 -1 0 0 -1 0 0 -1 0 0 -1 0 0 -1 0 0 -1 0 0 -1 0 0 -1 0 0 -1 0 0 -1 0 0 -1 0 0 -1 0 0 -1 0 0 -1 0 0 -1 0 0 -1 0 0 -1 0 0 -1 0 0 -1 0 0 -1 0 0 -1 0 0 -1 0 0 -1 0 0 -1 0 0 -1 0 0 -1 0 0 -1 0 0 -1 0 0 -1 0 0 -1 0 0 -1 0 0 -1 0 0 -1 0 0 -1 0 0 -1 0 0 -1 0 0 -1 0 0 -1 0 0 -1 0 0 -1 0 0 -1 0 0 -1 0 0 -1 0 0 -1 0 0 -1 0 0 -1 0 0 -1 0 0 -1 0 0 -1 0 0 -1 0 0 -1 0 0 -1 0 0 -1 0 0 -1 0 0 -1 0 0 -1 0 0 -1 0 0 -1 0 0 -1 0 0 -1 0 0 -1 0 0 -1 0 0 -1 0 0 -1 0 0 -1 0 0 -1 0 0 -1 0 0 -1 0 0 -1 0 0 -1 0 0 -1 0 0 -1 0 0 -1 0 0 -1 0 0 -1 0 0 -1 0 0 -1 0 0 -1 0 0 -1 0 0 -1 0 0 -1 0 0 -1 0 0 -1 0 0 -1 0 0 -1 0 0 -1 0 0 -1 0 0 -1 0 0 -1 0 0 -1 0 0 -1 0 0 -1 0 0 -1 0 0 -1 0 0 -1 0 0 -1 0 0 -1 0 0 -1 0 0 -1 0 0 -1 0 0 -1 0 0 -1 0 0 -1 0 0 -1 0 0 -1 0 0 -1 0 0 -1 0 0 -1 0 0 -1 0 0 -1 0 0 -1 0 0 -1 0 0 -1 0 0 -1 0 0 -1 0 0 -1 0 0 -1 0 0 -1 0 0 -1 0 0 -1 0 0 -1 0 0 -1 0 0 -1 0 0 -1 0 0 -1 0 0 -1 0 0 -1 0 0 -1 0 0 -1 0 0 -1 0 0 -1 0 0 -1 0 0 -1 0 0 -1 0 0 -1 0 0 -1 0 0 -1 0 0 -1 0 0 -1 0 0 -1 0 0 -1 0 0 -1 0 0 -1 0 0 -1 0 0 -1 0 0 -1 0 0 -1 0 0 -1 0 0 -1 0 0 -1 0 0 -1 0 0 -1 0 0 -1 0 0 -1 0 0 -1 0 0 -1 0 0 -1 0 0 -1 0 0 -1 0 0 -1 0 0 -1 0 0 -1 0 0 -1 0 0 -1 0 0 -1 0 0 -1 0 0 -1 0 0 -1 0 -1 0 0 -1 0 0 0 0 -1 0 0 -1 1 0 0 1 0 0 0 0 1 0 0 1 -1 0 0 -1 0 0 0.999607 0 0.0280388 0.999607 0 0.0280388 0.996462 0 0.0840456 0.996462 0 0.0840456 0.99018 0 0.139799 0.99018 0 0.139799 0.980784 0 0.195094 0.980784 0 0.195094 0.968304 0 0.249773 0.968304 0 0.249773 0.952775 0 0.303679 0.952775 0 0.303679 0.934252 0 0.356614 0.934252 0 0.356614 0.91278 0 0.408452 0.91278 0 0.408452 0.888447 0 0.45898 0.888447 0 0.45898 0.861314 0 0.508072 0.861314 0 0.508072 0.831468 0 0.555573 0.831468 0 0.555573 0.799015 0 0.601312 0.799015 0 0.601312 0.764033 0 0.645177 0.764033 0 0.645177 0.726657 0 0.687 0.726657 0 0.687 0.687 0 0.726657 0.687 0 0.726657 0.645168 0 0.76404 0.645168 0 0.76404 0.601321 0 0.799008 0.601321 0 0.799008 0.555563 0 0.831474 0.555563 0 0.831474 0.508083 0 0.861308 0.508083 0 0.861308 0.45898 0 0.888447 0.45898 0 0.888447 0.40844 0 0.912785 0.40844 0 0.912785 0.356626 0 0.934247 0.356626 0 0.934247 0.303683 0 0.952773 0.303683 0 0.952773 0.24977 0 0.968305 0.24977 0 0.968305 0.195097 0 0.980784 0.195097 0 0.980784 0.139783 0 0.990182 0.139783 0 0.990182 0.0840456 0 0.996462 0.0840456 0 0.996462 0.028053 0 0.999606 0.028053 0 0.999606 -0.028053 0 0.999606 -0.028053 0 0.999606 -0.0840456 0 0.996462 -0.0840456 0 0.996462 -0.139785 0 0.990182 -0.139785 0 0.990182 -0.195094 0 0.980784 -0.195094 0 0.980784 -0.249773 0 0.968304 -0.249773 0 0.968304 -0.303679 0 0.952775 -0.303679 0 0.952775 -0.356626 0 0.934247 -0.356626 0 0.934247 -0.40844 0 0.912785 -0.40844 0 0.912785 -0.45898 0 0.888447 -0.45898 0 0.888447 -0.508083 0 0.861308 -0.508083 0 0.861308 -0.555563 0 0.831474 -0.555563 0 0.831474 -0.601328 0 0.799003 -0.601328 0 0.799003 -0.645161 0 0.764046 -0.645161 0 0.764046 -0.687 0 0.726657 -0.687 0 0.726657 -0.726657 0 0.687 -0.726657 0 0.687 -0.76404 0 0.645168 -0.76404 0 0.645168 -0.799008 0 0.601321 -0.799008 0 0.601321 -0.831474 0 0.555563 -0.831474 0 0.555563 -0.861308 0 0.508083 -0.861308 0 0.508083 -0.888447 0 0.45898 -0.888447 0 0.45898 -0.912785 0 0.40844 -0.912785 0 0.40844 -0.934247 0 0.356626 -0.934247 0 0.356626 -0.952775 0 0.303679 -0.952775 0 0.303679 -0.968304 0 0.249773 -0.968304 0 0.249773 -0.980784 0 0.195094 -0.980784 0 0.195094 -0.990182 0 0.139785 -0.990182 0 0.139785 -0.996462 0 0.0840456 -0.996462 0 0.0840456 -0.999606 0 0.028053 -0.999606 0 0.028053 1 0 0 1 0 0 -0.999606 0 -0.0280534 -0.999606 0 -0.0280534 -0.996462 0 -0.0840444 -0.996462 0 -0.0840444 -0.990182 0 -0.139783 -0.990182 0 -0.139783 -0.980784 0 -0.195097 -0.980784 0 -0.195097 -0.968305 0 -0.24977 -0.968305 0 -0.24977 -0.952775 0 -0.303679 -0.952775 0 -0.303679 -0.934247 0 -0.356626 -0.934247 0 -0.356626 -0.912783 0 -0.408446 -0.912783 0 -0.408446 -0.88845 0 -0.458974 -0.88845 0 -0.458974 -0.861308 0 -0.508083 -0.861308 0 -0.508083 -0.831466 0 -0.555576 -0.831466 0 -0.555576 -0.799013 0 -0.601314 -0.799013 0 -0.601314 -0.76404 0 -0.645168 -0.76404 0 -0.645168 -0.726657 0 -0.687 -0.726657 0 -0.687 -0.686993 0 -0.726664 -0.686993 0 -0.726664 -0.645178 0 -0.764032 -0.645178 0 -0.764032 -0.601328 0 -0.799003 -0.601328 0 -0.799003 -0.555563 0 -0.831474 -0.555563 0 -0.831474 -0.508072 0 -0.861314 -0.508072 0 -0.861314 -0.458991 0 -0.888441 -0.458991 0 -0.888441 -0.40844 0 -0.912785 -0.40844 0 -0.912785 -0.356614 0 -0.934252 -0.356614 0 -0.934252 -0.303679 0 -0.952775 -0.303679 0 -0.952775 -0.249786 0 -0.968301 -0.249786 0 -0.968301 -0.195067 0 -0.98079 -0.195067 0 -0.98079 -0.139812 0 -0.990178 -0.139812 0 -0.990178 -0.0840456 0 -0.996462 -0.0840456 0 -0.996462 -0.028053 0 -0.999606 -0.028053 0 -0.999606 0.028053 0 -0.999606 0.028053 0 -0.999606 0.0840456 0 -0.996462 0.0840456 0 -0.996462 0.139811 0 -0.990178 0.139811 0 -0.990178 0.19507 0 -0.980789 0.19507 0 -0.980789 0.249783 0 -0.968302 0.249783 0 -0.968302 0.303683 0 -0.952773 0.303683 0 -0.952773 0.356614 0 -0.934252 0.356614 0 -0.934252 0.40844 0 -0.912785 0.40844 0 -0.912785 0.458991 0 -0.888441 0.458991 0 -0.888441 0.508072 0 -0.861314 0.508072 0 -0.861314 0.555563 0 -0.831474 0.555563 0 -0.831474 0.601321 0 -0.799008 0.601321 0 -0.799008 0.645185 0 -0.764027 0.645185 0 -0.764027 0.686993 0 -0.726664 0.686993 0 -0.726664 0.726657 0 -0.687 0.726657 0 -0.687 0.764033 0 -0.645177 0.764033 0 -0.645177 0.79902 0 -0.601305 0.79902 0 -0.601305 0.831459 0 -0.555586 0.831459 0 -0.555586 0.861314 0 -0.508072 0.861314 0 -0.508072 0.88845 0 -0.458974 0.88845 0 -0.458974 0.912777 0 -0.408457 0.912777 0 -0.408457 0.934252 0 -0.356614 0.934252 0 -0.356614 0.952775 0 -0.303679 0.952775 0 -0.303679 0.968305 0 -0.24977 0.968305 0 -0.24977 0.980784 0 -0.195097 0.980784 0 -0.195097 0.99018 0 -0.139797 0.99018 0 -0.139797 0.996462 0 -0.0840444 0.996462 0 -0.0840444 0.999607 0 -0.0280392 0.999607 0 -0.0280392 -0.999606 0 0.028053 -0.999606 0 0.028053 -0.996462 0 0.0840459 -0.996462 0 0.0840459 -0.99018 0 0.139797 -0.99018 0 0.139797 -0.980787 0 0.195082 -0.980787 0 0.195082 -0.968302 0 0.249784 -0.968302 0 0.249784 -0.952778 0 0.303668 -0.952778 0 0.303668 -0.934247 0 0.356626 -0.934247 0 0.356626 -0.912784 0 0.408442 -0.912784 0 0.408442 -0.888448 0 0.458978 -0.888448 0 0.458978 -0.861308 0 0.508083 -0.861308 0 0.508083 -0.831473 0 0.555565 -0.831473 0 0.555565 -0.799006 0 0.601323 -0.799006 0 0.601323 -0.764042 0 0.645167 -0.764042 0 0.645167 -0.726659 0 0.686999 -0.726659 0 0.686999 -0.686998 0 0.72666 -0.686998 0 0.72666 -0.645168 0 0.764041 -0.645168 0 0.764041 -0.601322 0 0.799007 -0.601322 0 0.799007 -0.555568 0 0.831471 -0.555568 0 0.831471 -0.508076 0 0.861312 -0.508076 0 0.861312 -0.458982 0 0.888445 -0.458982 0 0.888445 -0.408443 0 0.912784 -0.408443 0 0.912784 -0.356622 0 0.934249 -0.356622 0 0.934249 -0.303675 0 0.952776 -0.303675 0 0.952776 -0.249778 0 0.968303 -0.249778 0 0.968303 -0.195089 0 0.980786 -0.195089 0 0.980786 -0.13979 0 0.990181 -0.13979 0 0.990181 -0.0840509 0 0.996462 -0.0840509 0 0.996462 -0.0280463 0 0.999607 -0.0280463 0 0.999607 0.0280459 0 0.999607 0.0280459 0 0.999607 0.0840509 0 0.996462 0.0840509 0 0.996462 0.13979 0 0.990181 0.13979 0 0.990181 0.195089 0 0.980786 0.195089 0 0.980786 0.249778 0 0.968303 0.249778 0 0.968303 0.303675 0 0.952776 0.303675 0 0.952776 0.356622 0 0.934249 0.356622 0 0.934249 0.408443 0 0.912784 0.408443 0 0.912784 0.458982 0 0.888445 0.458982 0 0.888445 0.508076 0 0.861312 0.508076 0 0.861312 0.555575 0 0.831467 0.555575 0 0.831467 0.601315 0 0.799012 0.601315 0 0.799012 0.645175 0 0.764035 0.645175 0 0.764035 0.68699 0 0.726666 0.68699 0 0.726666 0.726666 0 0.686991 0.726666 0 0.686991 0.764035 0 0.645175 0.764035 0 0.645175 0.799006 0 0.601323 0.799006 0 0.601323 0.831473 0 0.555565 0.831473 0 0.555565 0.861314 0 0.508072 0.861314 0 0.508072 0.888442 0 0.458989 0.888442 0 0.458989 0.912784 0 0.408442 0.912784 0 0.408442 0.934247 0 0.356626 0.934247 0 0.356626 0.952778 0 0.303668 0.952778 0 0.303668 0.968302 0 0.249784 0.968302 0 0.249784 0.980787 0 0.195082 0.980787 0 0.195082 0.99018 0 0.139797 0.99018 0 0.139797 0.996462 0 0.0840459 0.996462 0 0.0840459 0.999606 0 0.028053 0.999606 0 0.028053 0.999606 0 -0.028053 0.999606 0 -0.028053 0.996462 0 -0.0840456 0.996462 0 -0.0840456 0.99018 0 -0.139797 0.99018 0 -0.139797 0.980787 0 -0.195082 0.980787 0 -0.195082 0.968301 0 -0.249785 0.968301 0 -0.249785 0.952778 0 -0.303668 0.952778 0 -0.303668 0.934248 0 -0.356625 0.934248 0 -0.356625 0.912784 0 -0.408443 0.912784 0 -0.408443 0.888443 0 -0.458988 0.888443 0 -0.458988 0.861314 0 -0.508072 0.861314 0 -0.508072 0.831472 0 -0.555566 0.831472 0 -0.555566 0.799008 0 -0.601321 0.799008 0 -0.601321 0.764033 0 -0.645177 0.764033 0 -0.645177 0.726667 0 -0.686989 0.726667 0 -0.686989 0.68699 0 -0.726667 0.68699 0 -0.726667 0.645177 0 -0.764033 0.645177 0 -0.764033 0.601312 0 -0.799015 0.601312 0 -0.799015 0.555575 0 -0.831467 0.555575 0 -0.831467 0.508078 0 -0.861311 0.508078 0 -0.861311 0.458985 0 -0.888444 0.458985 0 -0.888444 0.40844 0 -0.912785 0.40844 0 -0.912785 0.35662 0 -0.93425 0.35662 0 -0.93425 0.303679 0 -0.952775 0.303679 0 -0.952775 0.24978 0 -0.968303 0.24978 0 -0.968303 0.195087 0 -0.980786 0.195087 0 -0.980786 0.13979 0 -0.990181 0.13979 0 -0.990181 0.0840526 0 -0.996461 0.0840526 0 -0.996461 0.0280459 0 -0.999607 0.0280459 0 -0.999607 -0.0280463 0 -0.999607 -0.0280463 0 -0.999607 -0.0840526 0 -0.996461 -0.0840526 0 -0.996461 -0.13979 0 -0.990181 -0.13979 0 -0.990181 -0.195087 0 -0.980786 -0.195087 0 -0.980786 -0.24978 0 -0.968303 -0.24978 0 -0.968303 -0.303679 0 -0.952775 -0.303679 0 -0.952775 -0.35662 0 -0.93425 -0.35662 0 -0.93425 -0.40844 0 -0.912785 -0.40844 0 -0.912785 -0.458985 0 -0.888444 -0.458985 0 -0.888444 -0.508078 0 -0.861311 -0.508078 0 -0.861311 -0.555568 0 -0.831471 -0.555568 0 -0.831471 -0.601319 0 -0.799009 -0.601319 0 -0.799009 -0.64517 0 -0.764039 -0.64517 0 -0.764039 -0.686997 0 -0.726661 -0.686997 0 -0.726661 -0.72666 0 -0.686997 -0.72666 0 -0.686997 -0.76404 0 -0.645168 -0.76404 0 -0.645168 -0.799008 0 -0.601321 -0.799008 0 -0.601321 -0.831472 0 -0.555566 -0.831472 0 -0.555566 -0.861308 0 -0.508083 -0.861308 0 -0.508083 -0.888448 0 -0.458977 -0.888448 0 -0.458977 -0.912784 0 -0.408443 -0.912784 0 -0.408443 -0.934248 0 -0.356625 -0.934248 0 -0.356625 -0.952778 0 -0.303668 -0.952778 0 -0.303668 -0.968301 0 -0.249785 -0.968301 0 -0.249785 -0.980787 0 -0.195082 -0.980787 0 -0.195082 -0.99018 0 -0.139797 -0.99018 0 -0.139797 -0.996462 0 -0.0840456 -0.996462 0 -0.0840456 -0.999606 0 -0.028053 -0.999606 0 -0.028053 -1 0 0 -1 0 0 0 1 0 0 1 0 0 1 0 0 1 0 0 1 0 0 1 0 0 1 0 0 1 0 0 1 0 0 1 0 0 1 0 0 1 0 0 1 0 0 1 0 0 1 0 0 1 0 0 1 0 0 1 0 0 1 0 0 1 0 0 1 0 0 1 0 0 1 0 0 1 0 0 1 0 0 1 0 0 1 0 0 1 0 0 1 0 0 1 0 0 1 0 0 1 0 0 1 0 0 1 0 0 1 0 0 1 0 0 1 0 0 1 0 0 1 0 0 1 0 0 1 0 0 1 0 0 1 0 0 1 0 0 1 0 0 1 0 0 1 0 0 1 0 0 1 0 0 1 0 0 1 0 0 1 0 0 1 0 0 1 0 0 1 0 0 1 0 0 1 0 0 1 0 0 1 0 0 1 0 0 1 0 0 1 0 0 1 0 0 1 0 0 1 0 0 1 0 0 1 0 0 1 0 0 1 0 0 1 0 0 1 0 0 1 0 0 1 0 0 1 0 0 1 0 0 1 0 0 1 0 0 1 0 0 1 0 0 1 0 0 1 0 0 1 0 0 1 0 0 1 0 0 1 0 0 1 0 0 1 0 0 1 0 0 1 0 0 1 0 0 1 0 0 1 0 0 1 0 0 1 0 0 1 0 0 1 0 0 1 0 0 1 0 0 1 0 0 1 0 0 1 0 0 1 0 0 1 0 0 1 0 0 1 0 0 1 0 0 1 0 0 1 0 0 1 0 0 1 0 0 1 0 0 1 0 0 1 0 0 1 0 0 1 0 0 1 0 0 1 0 0 1 0 0 1 0 0 1 0 0 1 0 0 1 0 0 1 0 0 1 0 0 1 0 0 1 0 0 1 0 0 1 0 0 1 0 0 1 0 0 1 0 0 1 0 0 1 0 0 1 0 0 1 0 0 1 0 0 1 0 0 1 0 0 1 0 0 1 0 0 1 0 0 1 0 0 1 0 0 1 0 0 1 0 0 1 0 0 1 0 0 1 0 0 1 0 0 1 0 0 1 0 0 1 0 0 1 0 0 1 0 0 1 0 0 1 0 0 1 0 0 1 0 0 1 0 0 1 0 0 1 0 0 1 0 0 1 0 0 1 0 0 1 0 0 1 0 0 1 0 0 1 0 0 1 0 0 1 0 0 1 0 0 1 0 0 1 0 0 1 0 0 1 0 0 1 0 0 1 0 0 1 0 0 1 0 0 1 0 0 1 0 0 1 0 0 1 0 0 1 0 0 1 0 0 1 0 0 1 0 0 1 0 0 1 0 0 1 0 0 1 0 0 1 0 0 1 0 0 1 0 0 1 0 0 1 0 0 1 0 0 1 0 0 1 0 0 1 0 0 1 0 0 1 0 0 1 0 0 1 0 0 1 0 0 1 0 0 1 0 0 1 0 0 1 0 0 1 0 0 1 0 0 1 0 0 1 0 0 1 0 0 1 0 0 1 0 0 1 0 0 1 0 0 1 0 0 1 0 0 1 0 0 1 0 0 1 0 0 1 0 0 1 0 0 1 0 0 1 0 0 1 0 0 1 0 0 1 0 0 1 0 0 1 0 0 1 0 0 1 0 1 0 0 1 0 0 0 -1 0 0 -1 0 0 -1 0 0 -1 0 0 -1 0 0 -1 0 0 -1 0 0 -1 0 0 -1 0 0 -1 0 0 -1 0 0 -1 0 0 -1 0 0 -1 0 0 -1 0 0 -1 0 0 -1 0 0 -1 0 0 -1 0 0 -1 0 0 -1 0 0 -1 0 0 -1 0 0 -1 0 0 -1 0 0 -1 0 0 -1 0 0 -1 0 0 -1 0 0 -1 0 0 -1 0 0 -1 0 0 -1 0 0 -1 0 0 -1 0 0 -1 0 0 -1 0 0 -1 0 0 -1 0 0 -1 0 0 -1 0 0 -1 0 0 -1 0 0 -1 0 0 -1 0 0 -1 0 0 -1 0 0 -1 0 0 -1 0 0 -1 0 0 -1 0 0 -1 0 0 -1 0 0 -1 0 0 -1 0 0 -1 0 0 -1 0 0 -1 0 0 -1 0 0 -1 0 0 -1 0 0 -1 0 0 -1 0 0 -1 0 0 -1 0 0 -1 0 0 -1 0 0 -1 0 0 -1 0 0 -1 0 0 -1 0 0 -1 0 0 -1 0 0 -1 0 0 -1 0 0 -1 0 0 -1 0 0 -1 0 0 -1 0 0 -1 0 0 -1 0 0 -1 0 0 -1 0 0 -1 0 0 -1 0 0 -1 0 0 -1 0 0 -1 0 0 -1 0 0 -1 0 0 -1 0 0 -1 0 0 -1 0 0 -1 0 0 -1 0 0 -1 0 0 -1 0 0 -1 0 0 -1 0 0 -1 0 0 -1 0 0 -1 0 0 -1 0 0 -1 0 0 -1 0 0 -1 0 0 -1 0 0 -1 0 0 -1 0 0 -1 0 0 -1 0 0 -1 0 0 -1 0 0 -1 0 0 -1 0 0 -1 0 0 -1 0 0 -1 0 0 -1 0 0 -1 0 0 -1 0 0 -1 0 0 -1 0 0 -1 0 0 -1 0 0 -1 0 0 -1 0 0 -1 0 0 -1 0 0 -1 0 0 -1 0 0 -1 0 0 -1 0 0 -1 0 0 -1 0 0 -1 0 0 -1 0 0 -1 0 0 -1 0 0 -1 0 0 -1 0 0 -1 0 0 -1 0 0 -1 0 0 -1 0 0 -1 0 0 -1 0 0 -1 0 0 -1 0 0 -1 0 0 -1 0 0 -1 0 0 -1 0 0 -1 0 0 -1 0 0 -1 0 0 -1 0 0 -1 0 0 -1 0 0 -1 0 0 -1 0 0 -1 0 0 -1 0 0 -1 0 0 -1 0 0 -1 0 0 -1 0 0 -1 0 0 -1 0 0 -1 0 0 -1 0 0 -1 0 0 -1 0 0 -1 0 0 -1 0 0 -1 0 0 -1 0 0 -1 0 0 -1 0 0 -1 0 0 -1 0 0 -1 0 0 -1 0 0 -1 0 0 -1 0 0 -1 0 0 -1 0 0 -1 0 0 -1 0 0 -1 0 0 -1 0 0 -1 0 0 -1 0 0 -1 0 0 -1 0 0 -1 0 0 -1 0 0 -1 0 0 -1 0 0 -1 0 0 -1 0 0 -1 0 0 -1 0 0 -1 0 0 -1 0 0 -1 0 0 -1 0 0 -1 0 0 -1 0 0 -1 0 0 -1 0 0 -1 0 0 -1 0 0 -1 0 0 -1 0 0 -1 0 0 -1 0 0 -1 0 0 -1 0 0 -1 0 0 -1 0 0 -1 0 0 -1 0 0 -1 0 0 -1 0 0 -1 0 0 -1 0 0 -1 0 0 -1 0 0 -1 0 0 -1 0 0 -1 0 0 -1 0 0 -1 0 -1 0 0 -1 0 0 0 0 -1 0 0 -1 1 0 0 1 0 0 0 0 1 0 0 1 -1 0 0 -1 0 0 1 0 0 1 0 0 0 1 0 0 1 0 0 0 -1 0 0 -1 0 0 1 0 0 1 0 -1 0 0 -1 0 0 0 -1 0 0 -1 0 0 1 0 0 1 0 1 0 0 1 0 1 0 0 1 0 0 -1 0 0 -1 0 0 0 -1 0 0 -1 0</float_array>
                    <technique_common>
                        <accessor count="3800" source="#shape0-lib-normals-array" stride="3">
                            <param name="X" type="float"/>
                            <param name="Y" type="float"/>
                            <param name="Z" type="float"/>
                        </accessor>
                    </technique_common>
                </source>
                <vertices id="shape0-lib-vertices">
                    <input semantic="POSITION" source="#shape0-lib-positions"/>
                </vertices>
                <triangles count="3800">
                    <input offset="0" semantic="VERTEX" source="#shape0-lib-vertices"/>
                    <input offset="1" semantic="NORMAL" source="#shape0-lib-normals"/>
                    <p>0 0 1 0 2 0 1 1 3 1 2 1 4 2 5 2 6 2 5 3 7 3 6 3 6 4 7 4 8 4 7 5 9 5 8 5 8 6 9 6 10 6 9 7 11 7 10 7 10 8 11 8 12 8 11 9 13 9 12 9 12 10 13 10 14 10 13 11 15 11 14 11 14 12 15 12 16 12 15 13 17 13 16 13 16 14 17 14 18 14 17 15 19 15 18 15 18 16 19 16 20 16 19 17 21 17 20 17 20 18 21 18 22 18 21 19 23 19 22 19 22 20 23 20 24 20 23 21 25 21 24 21 24 22 25 22 26 22 25 23 27 23 26 23 26 24 27 24 28 24 27 25 29 25 28 25 28 26 29 26 30 26 29 27 31 27 30 27 30 28 31 28 32 28 31 29 33 29 32 29 32 30 33 30 34 30 33 31 35 31 34 31 34 32 35 32 36 32 35 33 37 33 36 33 36 34 37 34 38 34 37 35 39 35 38 35 38 36 39 36 40 36 39 37 41 37 40 37 40 38 41 38 42 38 41 39 43 39 42 39 42 40 43 40 44 40 43 41 45 41 44 41 44 42 45 42 46 42 45 43 47 43 46 43 46 44 47 44 48 44 47 45 49 45 48 45 48 46 49 46 50 46 49 47 51 47 50 47 50 48 51 48 52 48 51 49 53 49 52 49 52 50 53 50 54 50 53 51 55 51 54 51 54 52 55 52 56 52 55 53 57 53 56 53 56 54 57 54 58 54 57 55 59 55 58 55 58 56 59 56 60 56 59 57 61 57 60 57 60 58 61 58 62 58 61 59 63 59 62 59 62 60 63 60 64 60 63 61 65 61 64 61 64 62 65 62 66 62 65 63 67 63 66 63 66 64 67 64 68 64 67 65 69 65 68 65 68 66 69 66 70 66 69 67 71 67 70 67 70 68 71 68 72 68 71 69 73 69 72 69 72 70 73 70 74 70 73 71 75 71 74 71 74 72 75 72 76 72 75 73 77 73 76 73 76 74 77 74 78 74 77 75 79 75 78 75 78 76 79 76 80 76 79 77 81 77 80 77 80 78 81 78 82 78 81 79 83 79 82 79 82 80 83 80 84 80 83 81 85 81 84 81 84 82 85 82 86 82 85 83 87 83 86 83 86 84 87 84 88 84 87 85 89 85 88 85 88 86 89 86 90 86 89 87 91 87 90 87 90 88 91 88 92 88 91 89 93 89 92 89 92 90 93 90 94 90 93 91 95 91 94 91 94 92 95 92 96 92 95 93 97 93 96 93 96 94 97 94 98 94 97 95 99 95 98 95 98 96 99 96 100 96 99 97 101 97 100 97 100 98 101 98 102 98 101 99 103 99 102 99 102 100 103 100 104 100 103 101 105 101 104 101 104 102 105 102 106 102 105 103 107 103 106 103 106 104 107 104 108 104 107 105 109 105 108 105 108 106 109 106 110 106 109 107 111 107 110 107 110 108 111 108 112 108 111 109 113 109 112 109 112 110 113 110 114 110 113 111 115 111 114 111 114 112 115 112 2 112 115 113 0 113 2 113 5 114 4 114 116 114 4 115 117 115 116 115 3 116 1 116 118 116 1 117 119 117 118 117 118 118 119 118 120 118 119 119 121 119 120 119 120 120 121 120 122 120 121 121 123 121 122 121 122 122 123 122 124 122 123 123 125 123 124 123 124 124 125 124 126 124 125 125 127 125 126 125 126 126 127 126 128 126 127 127 129 127 128 127 128 128 129 128 130 128 129 129 131 129 130 129 130 130 131 130 132 130 131 131 133 131 132 131 132 132 133 132 134 132 133 133 135 133 134 133 134 134 135 134 136 134 135 135 137 135 136 135 136 136 137 136 138 136 137 137 139 137 138 137 138 138 139 138 140 138 139 139 141 139 140 139 140 140 141 140 142 140 141 141 143 141 142 141 142 142 143 142 144 142 143 143 145 143 144 143 144 144 145 144 146 144 145 145 147 145 146 145 146 146 147 146 148 146 147 147 149 147 148 147 148 148 149 148 150 148 149 149 151 149 150 149 150 150 151 150 152 150 151 151 153 151 152 151 152 152 153 152 154 152 153 153 155 153 154 153 154 154 155 154 156 154 155 155 157 155 156 155 156 156 157 156 158 156 157 157 159 157 158 157 158 158 159 158 160 158 159 159 161 159 160 159 160 160 161 160 162 160 161 161 163 161 162 161 162 162 163 162 164 162 163 163 165 163 164 163 164 164 165 164 166 164 165 165 167 165 166 165 166 166 167 166 168 166 167 167 169 167 168 167 168 168 169 168 170 168 169 169 171 169 170 169 170 170 171 170 172 170 171 171 173 171 172 171 172 172 173 172 174 172 173 173 175 173 174 173 174 174 175 174 176 174 175 175 177 175 176 175 176 176 177 176 178 176 177 177 179 177 178 177 178 178 179 178 180 178 179 179 181 179 180 179 180 180 181 180 182 180 181 181 183 181 182 181 182 182 183 182 184 182 183 183 185 183 184 183 184 184 185 184 186 184 185 185 187 185 186 185 186 186 187 186 188 186 187 187 189 187 188 187 188 188 189 188 190 188 189 189 191 189 190 189 190 190 191 190 192 190 191 191 193 191 192 191 192 192 193 192 194 192 193 193 195 193 194 193 194 194 195 194 196 194 195 195 197 195 196 195 196 196 197 196 198 196 197 197 199 197 198 197 198 198 199 198 200 198 199 199 201 199 200 199 200 200 201 200 202 200 201 201 203 201 202 201 202 202 203 202 204 202 203 203 205 203 204 203 204 204 205 204 206 204 205 205 207 205 206 205 206 206 207 206 208 206 207 207 209 207 208 207 208 208 209 208 210 208 209 209 211 209 210 209 210 210 211 210 212 210 211 211 213 211 212 211 212 212 213 212 214 212 213 213 215 213 214 213 214 214 215 214 216 214 215 215 217 215 216 215 216 216 217 216 218 216 217 217 219 217 218 217 218 218 219 218 220 218 219 219 221 219 220 219 220 220 221 220 222 220 221 221 223 221 222 221 222 222 223 222 224 222 223 223 225 223 224 223 224 224 225 224 226 224 225 225 227 225 226 225 226 226 227 226 117 226 227 227 116 227 117 227 228 228 229 228 230 228 229 229 231 229 230 229 230 230 231 230 232 230 231 231 233 231 232 231 232 232 233 232 234 232 233 233 235 233 234 233 234 234 235 234 236 234 235 235 237 235 236 235 236 236 237 236 238 236 237 237 239 237 238 237 238 238 239 238 240 238 239 239 241 239 240 239 240 240 241 240 242 240 241 241 243 241 242 241 242 242 243 242 244 242 243 243 245 243 244 243 244 244 245 244 246 244 245 245 247 245 246 245 246 246 247 246 248 246 247 247 249 247 248 247 248 248 249 248 250 248 249 249 251 249 250 249 250 250 251 250 252 250 251 251 253 251 252 251 252 252 253 252 254 252 253 253 255 253 254 253 254 254 255 254 256 254 255 255 257 255 256 255 256 256 257 256 258 256 257 257 259 257 258 257 258 258 259 258 260 258 259 259 261 259 260 259 260 260 261 260 262 260 261 261 263 261 262 261 262 262 263 262 264 262 263 263 265 263 264 263 264 264 265 264 266 264 265 265 267 265 266 265 266 266 267 266 268 266 267 267 269 267 268 267 268 268 269 268 270 268 269 269 271 269 270 269 270 270 271 270 272 270 271 271 273 271 272 271 272 272 273 272 274 272 273 273 275 273 274 273 274 274 275 274 276 274 275 275 277 275 276 275 276 276 277 276 278 276 277 277 279 277 278 277 278 278 279 278 280 278 279 279 281 279 280 279 280 280 281 280 282 280 281 281 283 281 282 281 282 282 283 282 284 282 283 283 285 283 284 283 284 284 285 284 286 284 285 285 287 285 286 285 286 286 287 286 288 286 287 287 289 287 288 287 288 288 289 288 290 288 289 289 291 289 290 289 290 290 291 290 292 290 291 291 293 291 292 291 292 292 293 292 294 292 293 293 295 293 294 293 294 294 295 294 296 294 295 295 297 295 296 295 296 296 297 296 298 296 297 297 299 297 298 297 298 298 299 298 300 298 299 299 301 299 300 299 300 300 301 300 302 300 301 301 303 301 302 301 302 302 303 302 304 302 303 303 305 303 304 303 304 304 305 304 306 304 305 305 307 305 306 305 306 306 307 306 308 306 307 307 309 307 308 307 308 308 309 308 310 308 309 309 311 309 310 309 310 310 311 310 312 310 311 311 313 311 312 311 312 312 313 312 314 312 313 313 315 313 314 313 314 314 315 314 316 314 315 315 317 315 316 315 316 316 317 316 318 316 317 317 319 317 318 317 318 318 319 318 320 318 319 319 321 319 320 319 320 320 321 320 322 320 321 321 323 321 322 321 322 322 323 322 324 322 323 323 325 323 324 323 324 324 325 324 326 324 325 325 327 325 326 325 326 326 327 326 328 326 327 327 329 327 328 327 328 328 329 328 330 328 329 329 331 329 330 329 330 330 331 330 332 330 331 331 333 331 332 331 332 332 333 332 334 332 333 333 335 333 334 333 334 334 335 334 336 334 335 335 337 335 336 335 336 336 337 336 338 336 337 337 339 337 338 337 338 338 339 338 340 338 339 339 341 339 340 339 342 340 343 340 344 340 343 341 345 341 344 341 344 342 345 342 346 342 345 343 347 343 346 343 346 344 347 344 348 344 347 345 349 345 348 345 348 346 349 346 350 346 349 347 351 347 350 347 350 348 351 348 352 348 351 349 353 349 352 349 352 350 353 350 354 350 353 351 355 351 354 351 354 352 355 352 356 352 355 353 357 353 356 353 356 354 357 354 358 354 357 355 359 355 358 355 358 356 359 356 360 356 359 357 361 357 360 357 360 358 361 358 362 358 361 359 363 359 362 359 362 360 363 360 364 360 363 361 365 361 364 361 364 362 365 362 366 362 365 363 367 363 366 363 366 364 367 364 368 364 367 365 369 365 368 365 368 366 369 366 370 366 369 367 371 367 370 367 370 368 371 368 372 368 371 369 373 369 372 369 372 370 373 370 374 370 373 371 375 371 374 371 374 372 375 372 376 372 375 373 377 373 376 373 376 374 377 374 378 374 377 375 379 375 378 375 378 376 379 376 380 376 379 377 381 377 380 377 380 378 381 378 382 378 381 379 383 379 382 379 382 380 383 380 384 380 383 381 385 381 384 381 384 382 385 382 386 382 385 383 387 383 386 383 386 384 387 384 388 384 387 385 389 385 388 385 388 386 389 386 390 386 389 387 391 387 390 387 390 388 391 388 392 388 391 389 393 389 392 389 392 390 393 390 394 390 393 391 395 391 394 391 394 392 395 392 396 392 395 393 397 393 396 393 396 394 397 394 398 394 397 395 399 395 398 395 398 396 399 396 400 396 399 397 401 397 400 397 400 398 401 398 402 398 401 399 403 399 402 399 402 400 403 400 404 400 403 401 405 401 404 401 404 402 405 402 406 402 405 403 407 403 406 403 406 404 407 404 408 404 407 405 409 405 408 405 408 406 409 406 410 406 409 407 411 407 410 407 410 408 411 408 412 408 411 409 413 409 412 409 412 410 413 410 414 410 413 411 415 411 414 411 414 412 415 412 416 412 415 413 417 413 416 413 416 414 417 414 418 414 417 415 419 415 418 415 418 416 419 416 420 416 419 417 421 417 420 417 420 418 421 418 422 418 421 419 423 419 422 419 422 420 423 420 424 420 423 421 425 421 424 421 424 422 425 422 426 422 425 423 427 423 426 423 426 424 427 424 428 424 427 425 429 425 428 425 428 426 429 426 430 426 429 427 431 427 430 427 430 428 431 428 432 428 431 429 433 429 432 429 432 430 433 430 434 430 433 431 435 431 434 431 434 432 435 432 436 432 435 433 437 433 436 433 436 434 437 434 438 434 437 435 439 435 438 435 438 436 439 436 440 436 439 437 441 437 440 437 440 438 441 438 442 438 441 439 443 439 442 439 442 440 443 440 444 440 443 441 445 441 444 441 444 442 445 442 446 442 445 443 447 443 446 443 446 444 447 444 448 444 447 445 449 445 448 445 448 446 449 446 450 446 449 447 451 447 450 447 450 448 451 448 452 448 451 449 453 449 452 449 452 450 453 450 454 450 453 451 455 451 454 451 455 452 229 452 454 452 229 453 228 453 454 453 164 454 166 454 456 454 174 455 176 455 457 455 176 456 178 456 457 456 178 457 180 457 457 457 457 458 180 458 182 458 158 459 160 459 456 459 160 460 162 460 456 460 456 461 162 461 164 461 166 462 168 462 456 462 168 463 170 463 456 463 456 464 170 464 457 464 170 465 172 465 457 465 457 466 172 466 174 466 269 467 267 467 458 467 182 468 184 468 457 468 184 469 186 469 457 469 457 470 186 470 188 470 20 471 22 471 399 471 22 472 24 472 399 472 24 473 26 473 399 473 399 474 26 474 28 474 52 475 447 475 50 475 447 476 445 476 50 476 431 477 429 477 50 477 431 478 50 478 433 478 28 479 30 479 399 479 30 480 32 480 399 480 399 481 32 481 34 481 311 482 309 482 459 482 309 483 307 483 459 483 307 484 305 484 459 484 459 485 305 485 303 485 399 486 12 486 14 486 405 487 403 487 50 487 403 488 401 488 50 488 50 489 401 489 48 489 401 490 399 490 48 490 48 491 399 491 46 491 188 492 190 492 457 492 190 493 192 493 457 493 457 494 192 494 194 494 319 495 317 495 459 495 303 496 301 496 459 496 301 497 299 497 459 497 459 498 299 498 297 498 458 499 277 499 275 499 261 500 259 500 458 500 14 501 16 501 399 501 16 502 18 502 399 502 399 503 18 503 20 503 445 504 443 504 50 504 443 505 441 505 50 505 50 506 441 506 439 506 429 507 427 507 50 507 427 508 425 508 50 508 50 509 425 509 423 509 423 510 421 510 50 510 421 511 419 511 50 511 50 512 419 512 417 512 34 513 36 513 399 513 36 514 38 514 399 514 399 515 38 515 40 515 317 516 315 516 459 516 315 517 313 517 459 517 459 518 313 518 311 518 297 519 295 519 459 519 295 520 293 520 459 520 459 521 293 521 291 521 283 522 281 522 458 522 281 523 279 523 458 523 458 524 279 524 277 524 275 525 273 525 458 525 273 526 271 526 458 526 458 527 271 527 269 527 146 528 148 528 456 528 148 529 150 529 456 529 456 530 150 530 152 530 439 531 437 531 50 531 437 532 435 532 50 532 50 533 435 533 433 533 40 534 42 534 399 534 42 535 44 535 399 535 399 536 44 536 46 536 399 537 397 537 12 537 397 538 395 538 12 538 12 539 395 539 10 539 331 540 329 540 459 540 329 541 327 541 459 541 459 542 327 542 325 542 325 543 323 543 459 543 323 544 321 544 459 544 459 545 321 545 319 545 291 546 289 546 459 546 289 547 287 547 459 547 459 548 287 548 458 548 287 549 285 549 458 549 458 550 285 550 283 550 52 551 54 551 447 551 54 552 56 552 447 552 447 553 56 553 58 553 58 554 60 554 447 554 60 555 62 555 447 555 447 556 62 556 64 556 74 557 76 557 458 557 152 558 154 558 456 558 154 559 156 559 456 559 456 560 156 560 158 560 417 561 415 561 50 561 415 562 413 562 50 562 50 563 413 563 411 563 411 564 409 564 50 564 409 565 407 565 50 565 50 566 407 566 405 566 267 567 265 567 458 567 265 568 263 568 458 568 458 569 263 569 261 569 367 570 457 570 369 570 457 571 371 571 369 571 367 572 365 572 457 572 365 573 363 573 457 573 457 574 363 574 361 574 92 575 458 575 90 575 458 576 88 576 90 576 458 577 98 577 100 577 194 578 196 578 457 578 196 579 198 579 457 579 457 580 198 580 200 580 212 581 214 581 457 581 214 582 216 582 457 582 383 583 457 583 385 583 457 584 387 584 385 584 383 585 381 585 457 585 381 586 379 586 457 586 457 587 379 587 377 587 377 588 375 588 457 588 375 589 373 589 457 589 457 590 373 590 371 590 76 591 78 591 458 591 78 592 80 592 458 592 458 593 80 593 82 593 82 594 84 594 458 594 84 595 86 595 458 595 458 596 86 596 88 596 92 597 94 597 458 597 94 598 96 598 458 598 458 599 96 599 98 599 206 600 208 600 457 600 208 601 210 601 457 601 457 602 210 602 212 602 459 603 353 603 351 603 459 604 345 604 343 604 337 605 335 605 459 605 335 606 333 606 459 606 459 607 333 607 331 607 259 608 257 608 458 608 257 609 255 609 458 609 458 610 255 610 253 610 458 611 241 611 239 611 239 612 237 612 458 612 237 613 235 613 458 613 458 614 235 614 233 614 200 615 202 615 457 615 202 616 204 616 457 616 457 617 204 617 206 617 395 618 393 618 10 618 393 619 391 619 10 619 10 620 391 620 389 620 361 621 359 621 457 621 359 622 357 622 457 622 457 623 357 623 459 623 357 624 355 624 459 624 459 625 355 625 353 625 351 626 349 626 459 626 349 627 347 627 459 627 459 628 347 628 345 628 343 629 341 629 459 629 341 630 339 630 459 630 459 631 339 631 337 631 253 632 251 632 458 632 251 633 249 633 458 633 458 634 249 634 247 634 216 635 218 635 457 635 218 636 220 636 457 636 457 637 220 637 222 637 8 638 10 638 457 638 10 639 389 639 457 639 457 640 389 640 387 640 247 641 245 641 458 641 245 642 243 642 458 642 458 643 243 643 241 643 108 644 110 644 456 644 110 645 112 645 456 645 456 646 112 646 114 646 456 647 132 647 134 647 134 648 136 648 456 648 136 649 138 649 456 649 456 650 138 650 140 650 222 651 224 651 457 651 224 652 226 652 457 652 457 653 226 653 117 653 233 654 231 654 458 654 231 655 229 655 458 655 458 656 229 656 455 656 455 657 453 657 458 657 453 658 451 658 458 658 458 659 451 659 449 659 100 660 102 660 458 660 102 661 104 661 458 661 458 662 104 662 456 662 104 663 106 663 456 663 456 664 106 664 108 664 118 665 120 665 456 665 120 666 122 666 456 666 122 667 124 667 456 667 456 668 124 668 126 668 126 669 128 669 456 669 128 670 130 670 456 670 456 671 130 671 132 671 140 672 142 672 456 672 142 673 144 673 456 673 456 674 144 674 146 674 117 675 4 675 457 675 4 676 6 676 457 676 457 677 6 677 8 677 64 678 66 678 447 678 66 679 68 679 447 679 447 680 68 680 449 680 68 681 70 681 449 681 449 682 70 682 458 682 70 683 72 683 458 683 458 684 72 684 74 684 114 685 2 685 456 685 2 686 3 686 456 686 456 687 3 687 118 687 343 688 342 688 341 688 342 689 340 689 341 689 185 690 183 690 460 690 161 691 159 691 461 691 169 692 167 692 461 692 167 693 165 693 461 693 165 694 163 694 461 694 461 695 163 695 161 695 300 696 302 696 462 696 191 697 189 697 460 697 189 698 187 698 460 698 460 699 187 699 185 699 183 700 181 700 460 700 181 701 179 701 460 701 460 702 179 702 177 702 101 703 99 703 463 703 268 704 270 704 463 704 270 705 272 705 463 705 463 706 272 706 274 706 274 707 276 707 463 707 276 708 278 708 463 708 463 709 278 709 280 709 288 710 290 710 462 710 290 711 292 711 462 711 462 712 292 712 294 712 462 713 51 713 49 713 199 714 197 714 460 714 177 715 175 715 460 715 175 716 173 716 460 716 460 717 173 717 461 717 173 718 171 718 461 718 461 719 171 719 169 719 159 720 157 720 461 720 157 721 155 721 461 721 461 722 155 722 153 722 280 723 282 723 463 723 282 724 284 724 463 724 463 725 284 725 462 725 284 726 286 726 462 726 462 727 286 727 288 727 294 728 296 728 462 728 296 729 298 729 462 729 462 730 298 730 300 730 302 731 304 731 462 731 304 732 306 732 462 732 462 733 306 733 308 733 49 734 47 734 462 734 47 735 45 735 462 735 462 736 45 736 43 736 37 737 35 737 462 737 197 738 195 738 460 738 195 739 193 739 460 739 460 740 193 740 191 740 463 741 93 741 91 741 256 742 258 742 463 742 258 743 260 743 463 743 463 744 260 744 262 744 350 745 352 745 61 745 350 746 61 746 348 746 352 747 354 747 61 747 354 748 356 748 61 748 61 749 356 749 358 749 358 750 360 750 61 750 360 751 362 751 61 751 61 752 362 752 364 752 308 753 310 753 462 753 310 754 312 754 462 754 462 755 312 755 314 755 314 756 316 756 462 756 316 757 318 757 462 757 462 758 318 758 320 758 35 759 33 759 462 759 33 760 31 760 462 760 462 761 31 761 29 761 213 762 211 762 460 762 153 763 151 763 461 763 151 764 149 764 461 764 461 765 149 765 147 765 99 766 97 766 463 766 97 767 95 767 463 767 463 768 95 768 93 768 262 769 264 769 463 769 264 770 266 770 463 770 463 771 266 771 268 771 416 772 418 772 69 772 418 773 420 773 69 773 426 774 428 774 69 774 428 775 430 775 69 775 69 776 430 776 432 776 320 777 322 777 462 777 322 778 324 778 462 778 462 779 324 779 326 779 59 780 344 780 61 780 344 781 346 781 61 781 61 782 346 782 348 782 91 783 89 783 463 783 89 784 87 784 463 784 463 785 87 785 85 785 85 786 83 786 463 786 83 787 81 787 463 787 463 788 81 788 79 788 248 789 250 789 463 789 364 790 366 790 61 790 366 791 368 791 61 791 61 792 368 792 370 792 396 793 398 793 65 793 398 794 400 794 65 794 65 795 400 795 402 795 404 796 69 796 402 796 69 797 67 797 402 797 402 798 67 798 65 798 420 799 422 799 69 799 422 800 424 800 69 800 69 801 424 801 426 801 432 802 434 802 69 802 434 803 436 803 69 803 69 804 436 804 438 804 438 805 440 805 69 805 440 806 442 806 69 806 69 807 442 807 444 807 326 808 328 808 462 808 328 809 330 809 462 809 462 810 330 810 332 810 43 811 41 811 462 811 41 812 39 812 462 812 462 813 39 813 37 813 29 814 27 814 462 814 27 815 25 815 462 815 462 816 25 816 23 816 109 817 107 817 463 817 444 818 446 818 69 818 446 819 448 819 69 819 69 820 448 820 71 820 236 821 463 821 234 821 463 822 232 822 234 822 250 823 252 823 463 823 252 824 254 824 463 824 463 825 254 825 256 825 370 826 372 826 61 826 372 827 374 827 61 827 61 828 374 828 376 828 376 829 378 829 61 829 378 830 380 830 61 830 61 831 380 831 382 831 382 832 384 832 61 832 384 833 386 833 61 833 61 834 386 834 388 834 388 835 390 835 61 835 390 836 392 836 61 836 61 837 392 837 394 837 404 838 406 838 69 838 406 839 408 839 69 839 69 840 408 840 410 840 225 841 223 841 460 841 223 842 221 842 460 842 460 843 221 843 219 843 219 844 217 844 460 844 217 845 215 845 460 845 460 846 215 846 213 846 211 847 209 847 460 847 209 848 207 848 460 848 460 849 207 849 205 849 147 850 145 850 461 850 145 851 143 851 461 851 461 852 143 852 141 852 107 853 105 853 463 853 105 854 103 854 463 854 463 855 103 855 101 855 236 856 238 856 463 856 238 857 240 857 463 857 463 858 240 858 242 858 396 859 65 859 394 859 65 860 63 860 394 860 394 861 63 861 61 861 410 862 412 862 69 862 412 863 414 863 69 863 69 864 414 864 416 864 332 865 334 865 462 865 334 866 336 866 462 866 462 867 336 867 338 867 23 868 21 868 462 868 21 869 19 869 462 869 462 870 19 870 17 870 205 871 203 871 460 871 203 872 201 872 460 872 460 873 201 873 199 873 141 874 139 874 461 874 139 875 137 875 461 875 461 876 137 876 135 876 135 877 133 877 461 877 133 878 131 878 461 878 461 879 131 879 129 879 129 880 127 880 461 880 127 881 125 881 461 881 461 882 125 882 123 882 79 883 77 883 463 883 77 884 75 884 463 884 463 885 75 885 448 885 75 886 73 886 448 886 448 887 73 887 71 887 448 888 450 888 463 888 450 889 452 889 463 889 463 890 452 890 454 890 242 891 244 891 463 891 244 892 246 892 463 892 463 893 246 893 248 893 338 894 340 894 462 894 340 895 342 895 462 895 462 896 342 896 344 896 17 897 15 897 462 897 15 898 13 898 462 898 462 899 13 899 460 899 13 900 11 900 460 900 11 901 9 901 460 901 9 902 7 902 460 902 460 903 7 903 5 903 109 904 463 904 111 904 463 905 461 905 111 905 111 906 461 906 113 906 454 907 228 907 463 907 228 908 230 908 463 908 463 909 230 909 232 909 59 910 57 910 344 910 57 911 55 911 344 911 344 912 55 912 462 912 55 913 53 913 462 913 462 914 53 914 51 914 5 915 116 915 460 915 116 916 227 916 460 916 460 917 227 917 225 917 123 918 121 918 461 918 121 919 119 919 461 919 461 920 119 920 1 920 1 921 0 921 461 921 0 922 115 922 461 922 461 923 115 923 113 923 462 924 460 924 459 924 460 925 457 925 459 925 463 926 462 926 458 926 462 927 459 927 458 927 461 928 463 928 456 928 463 929 458 929 456 929 460 930 461 930 457 930 461 931 456 931 457 931 464 932 465 932 466 932 465 933 467 933 466 933 468 934 469 934 470 934 469 935 471 935 470 935 471 936 469 936 466 936 469 937 464 937 466 937 469 938 468 938 464 938 468 939 465 939 464 939 470 940 471 940 467 940 471 941 466 941 467 941 468 942 470 942 465 942 470 943 467 943 465 943 472 944 473 944 474 944 473 945 475 945 474 945 476 946 477 946 478 946 477 947 479 947 478 947 478 948 479 948 480 948 479 949 481 949 480 949 480 950 481 950 482 950 481 951 483 951 482 951 482 952 483 952 484 952 483 953 485 953 484 953 484 954 485 954 486 954 485 955 487 955 486 955 486 956 487 956 488 956 487 957 489 957 488 957 488 958 489 958 490 958 489 959 491 959 490 959 490 960 491 960 492 960 491 961 493 961 492 961 492 962 493 962 494 962 493 963 495 963 494 963 494 964 495 964 496 964 495 965 497 965 496 965 496 966 497 966 498 966 497 967 499 967 498 967 498 968 499 968 500 968 499 969 501 969 500 969 500 970 501 970 502 970 501 971 503 971 502 971 502 972 503 972 504 972 503 973 505 973 504 973 504 974 505 974 506 974 505 975 507 975 506 975 506 976 507 976 508 976 507 977 509 977 508 977 508 978 509 978 510 978 509 979 511 979 510 979 510 980 511 980 512 980 511 981 513 981 512 981 512 982 513 982 514 982 513 983 515 983 514 983 514 984 515 984 516 984 515 985 517 985 516 985 516 986 517 986 518 986 517 987 519 987 518 987 518 988 519 988 520 988 519 989 521 989 520 989 520 990 521 990 522 990 521 991 523 991 522 991 522 992 523 992 524 992 523 993 525 993 524 993 524 994 525 994 526 994 525 995 527 995 526 995 526 996 527 996 528 996 527 997 529 997 528 997 528 998 529 998 530 998 529 999 531 999 530 999 530 1000 531 1000 532 1000 531 1001 533 1001 532 1001 532 1002 533 1002 534 1002 533 1003 535 1003 534 1003 534 1004 535 1004 536 1004 535 1005 537 1005 536 1005 536 1006 537 1006 538 1006 537 1007 539 1007 538 1007 538 1008 539 1008 540 1008 539 1009 541 1009 540 1009 540 1010 541 1010 542 1010 541 1011 543 1011 542 1011 542 1012 543 1012 544 1012 543 1013 545 1013 544 1013 544 1014 545 1014 546 1014 545 1015 547 1015 546 1015 546 1016 547 1016 548 1016 547 1017 549 1017 548 1017 548 1018 549 1018 550 1018 549 1019 551 1019 550 1019 550 1020 551 1020 552 1020 551 1021 553 1021 552 1021 552 1022 553 1022 554 1022 553 1023 555 1023 554 1023 554 1024 555 1024 556 1024 555 1025 557 1025 556 1025 556 1026 557 1026 558 1026 557 1027 559 1027 558 1027 558 1028 559 1028 560 1028 559 1029 561 1029 560 1029 560 1030 561 1030 562 1030 561 1031 563 1031 562 1031 562 1032 563 1032 564 1032 563 1033 565 1033 564 1033 564 1034 565 1034 566 1034 565 1035 567 1035 566 1035 566 1036 567 1036 568 1036 567 1037 569 1037 568 1037 568 1038 569 1038 570 1038 569 1039 571 1039 570 1039 570 1040 571 1040 572 1040 571 1041 573 1041 572 1041 572 1042 573 1042 574 1042 573 1043 575 1043 574 1043 574 1044 575 1044 576 1044 575 1045 577 1045 576 1045 576 1046 577 1046 578 1046 577 1047 579 1047 578 1047 578 1048 579 1048 580 1048 579 1049 581 1049 580 1049 580 1050 581 1050 582 1050 581 1051 583 1051 582 1051 582 1052 583 1052 584 1052 583 1053 585 1053 584 1053 584 1054 585 1054 586 1054 585 1055 587 1055 586 1055 586 1056 587 1056 474 1056 587 1057 472 1057 474 1057 477 1058 476 1058 588 1058 476 1059 589 1059 588 1059 475 1060 473 1060 590 1060 473 1061 591 1061 590 1061 590 1062 591 1062 592 1062 591 1063 593 1063 592 1063 592 1064 593 1064 594 1064 593 1065 595 1065 594 1065 594 1066 595 1066 596 1066 595 1067 597 1067 596 1067 596 1068 597 1068 598 1068 597 1069 599 1069 598 1069 598 1070 599 1070 600 1070 599 1071 601 1071 600 1071 600 1072 601 1072 602 1072 601 1073 603 1073 602 1073 602 1074 603 1074 604 1074 603 1075 605 1075 604 1075 604 1076 605 1076 606 1076 605 1077 607 1077 606 1077 606 1078 607 1078 608 1078 607 1079 609 1079 608 1079 608 1080 609 1080 610 1080 609 1081 611 1081 610 1081 610 1082 611 1082 612 1082 611 1083 613 1083 612 1083 612 1084 613 1084 614 1084 613 1085 615 1085 614 1085 614 1086 615 1086 616 1086 615 1087 617 1087 616 1087 616 1088 617 1088 618 1088 617 1089 619 1089 618 1089 618 1090 619 1090 620 1090 619 1091 621 1091 620 1091 620 1092 621 1092 622 1092 621 1093 623 1093 622 1093 622 1094 623 1094 624 1094 623 1095 625 1095 624 1095 624 1096 625 1096 626 1096 625 1097 627 1097 626 1097 626 1098 627 1098 628 1098 627 1099 629 1099 628 1099 628 1100 629 1100 630 1100 629 1101 631 1101 630 1101 630 1102 631 1102 632 1102 631 1103 633 1103 632 1103 632 1104 633 1104 634 1104 633 1105 635 1105 634 1105 634 1106 635 1106 636 1106 635 1107 637 1107 636 1107 636 1108 637 1108 638 1108 637 1109 639 1109 638 1109 638 1110 639 1110 640 1110 639 1111 641 1111 640 1111 640 1112 641 1112 642 1112 641 1113 643 1113 642 1113 642 1114 643 1114 644 1114 643 1115 645 1115 644 1115 644 1116 645 1116 646 1116 645 1117 647 1117 646 1117 646 1118 647 1118 648 1118 647 1119 649 1119 648 1119 648 1120 649 1120 650 1120 649 1121 651 1121 650 1121 650 1122 651 1122 652 1122 651 1123 653 1123 652 1123 652 1124 653 1124 654 1124 653 1125 655 1125 654 1125 654 1126 655 1126 656 1126 655 1127 657 1127 656 1127 656 1128 657 1128 658 1128 657 1129 659 1129 658 1129 658 1130 659 1130 660 1130 659 1131 661 1131 660 1131 660 1132 661 1132 662 1132 661 1133 663 1133 662 1133 662 1134 663 1134 664 1134 663 1135 665 1135 664 1135 664 1136 665 1136 666 1136 665 1137 667 1137 666 1137 666 1138 667 1138 668 1138 667 1139 669 1139 668 1139 668 1140 669 1140 670 1140 669 1141 671 1141 670 1141 670 1142 671 1142 672 1142 671 1143 673 1143 672 1143 672 1144 673 1144 674 1144 673 1145 675 1145 674 1145 674 1146 675 1146 676 1146 675 1147 677 1147 676 1147 676 1148 677 1148 678 1148 677 1149 679 1149 678 1149 678 1150 679 1150 680 1150 679 1151 681 1151 680 1151 680 1152 681 1152 682 1152 681 1153 683 1153 682 1153 682 1154 683 1154 684 1154 683 1155 685 1155 684 1155 684 1156 685 1156 686 1156 685 1157 687 1157 686 1157 686 1158 687 1158 688 1158 687 1159 689 1159 688 1159 688 1160 689 1160 690 1160 689 1161 691 1161 690 1161 690 1162 691 1162 692 1162 691 1163 693 1163 692 1163 692 1164 693 1164 694 1164 693 1165 695 1165 694 1165 694 1166 695 1166 696 1166 695 1167 697 1167 696 1167 696 1168 697 1168 698 1168 697 1169 699 1169 698 1169 698 1170 699 1170 589 1170 699 1171 588 1171 589 1171 700 1172 701 1172 702 1172 701 1173 703 1173 702 1173 702 1174 703 1174 704 1174 703 1175 705 1175 704 1175 704 1176 705 1176 706 1176 705 1177 707 1177 706 1177 706 1178 707 1178 708 1178 707 1179 709 1179 708 1179 708 1180 709 1180 710 1180 709 1181 711 1181 710 1181 710 1182 711 1182 712 1182 711 1183 713 1183 712 1183 712 1184 713 1184 714 1184 713 1185 715 1185 714 1185 714 1186 715 1186 716 1186 715 1187 717 1187 716 1187 716 1188 717 1188 718 1188 717 1189 719 1189 718 1189 718 1190 719 1190 720 1190 719 1191 721 1191 720 1191 720 1192 721 1192 722 1192 721 1193 723 1193 722 1193 722 1194 723 1194 724 1194 723 1195 725 1195 724 1195 724 1196 725 1196 726 1196 725 1197 727 1197 726 1197 726 1198 727 1198 728 1198 727 1199 729 1199 728 1199 728 1200 729 1200 730 1200 729 1201 731 1201 730 1201 730 1202 731 1202 732 1202 731 1203 733 1203 732 1203 732 1204 733 1204 734 1204 733 1205 735 1205 734 1205 734 1206 735 1206 736 1206 735 1207 737 1207 736 1207 736 1208 737 1208 738 1208 737 1209 739 1209 738 1209 738 1210 739 1210 740 1210 739 1211 741 1211 740 1211 740 1212 741 1212 742 1212 741 1213 743 1213 742 1213 742 1214 743 1214 744 1214 743 1215 745 1215 744 1215 744 1216 745 1216 746 1216 745 1217 747 1217 746 1217 746 1218 747 1218 748 1218 747 1219 749 1219 748 1219 748 1220 749 1220 750 1220 749 1221 751 1221 750 1221 750 1222 751 1222 752 1222 751 1223 753 1223 752 1223 752 1224 753 1224 754 1224 753 1225 755 1225 754 1225 754 1226 755 1226 756 1226 755 1227 757 1227 756 1227 756 1228 757 1228 758 1228 757 1229 759 1229 758 1229 758 1230 759 1230 760 1230 759 1231 761 1231 760 1231 760 1232 761 1232 762 1232 761 1233 763 1233 762 1233 762 1234 763 1234 764 1234 763 1235 765 1235 764 1235 764 1236 765 1236 766 1236 765 1237 767 1237 766 1237 766 1238 767 1238 768 1238 767 1239 769 1239 768 1239 768 1240 769 1240 770 1240 769 1241 771 1241 770 1241 770 1242 771 1242 772 1242 771 1243 773 1243 772 1243 772 1244 773 1244 774 1244 773 1245 775 1245 774 1245 774 1246 775 1246 776 1246 775 1247 777 1247 776 1247 776 1248 777 1248 778 1248 777 1249 779 1249 778 1249 778 1250 779 1250 780 1250 779 1251 781 1251 780 1251 780 1252 781 1252 782 1252 781 1253 783 1253 782 1253 782 1254 783 1254 784 1254 783 1255 785 1255 784 1255 784 1256 785 1256 786 1256 785 1257 787 1257 786 1257 786 1258 787 1258 788 1258 787 1259 789 1259 788 1259 788 1260 789 1260 790 1260 789 1261 791 1261 790 1261 790 1262 791 1262 792 1262 791 1263 793 1263 792 1263 792 1264 793 1264 794 1264 793 1265 795 1265 794 1265 794 1266 795 1266 796 1266 795 1267 797 1267 796 1267 796 1268 797 1268 798 1268 797 1269 799 1269 798 1269 798 1270 799 1270 800 1270 799 1271 801 1271 800 1271 800 1272 801 1272 802 1272 801 1273 803 1273 802 1273 802 1274 803 1274 804 1274 803 1275 805 1275 804 1275 804 1276 805 1276 806 1276 805 1277 807 1277 806 1277 806 1278 807 1278 808 1278 807 1279 809 1279 808 1279 808 1280 809 1280 810 1280 809 1281 811 1281 810 1281 810 1282 811 1282 812 1282 811 1283 813 1283 812 1283 814 1284 815 1284 816 1284 815 1285 817 1285 816 1285 816 1286 817 1286 818 1286 817 1287 819 1287 818 1287 818 1288 819 1288 820 1288 819 1289 821 1289 820 1289 820 1290 821 1290 822 1290 821 1291 823 1291 822 1291 822 1292 823 1292 824 1292 823 1293 825 1293 824 1293 824 1294 825 1294 826 1294 825 1295 827 1295 826 1295 826 1296 827 1296 828 1296 827 1297 829 1297 828 1297 828 1298 829 1298 830 1298 829 1299 831 1299 830 1299 830 1300 831 1300 832 1300 831 1301 833 1301 832 1301 832 1302 833 1302 834 1302 833 1303 835 1303 834 1303 834 1304 835 1304 836 1304 835 1305 837 1305 836 1305 836 1306 837 1306 838 1306 837 1307 839 1307 838 1307 838 1308 839 1308 840 1308 839 1309 841 1309 840 1309 840 1310 841 1310 842 1310 841 1311 843 1311 842 1311 842 1312 843 1312 844 1312 843 1313 845 1313 844 1313 844 1314 845 1314 846 1314 845 1315 847 1315 846 1315 846 1316 847 1316 848 1316 847 1317 849 1317 848 1317 848 1318 849 1318 850 1318 849 1319 851 1319 850 1319 850 1320 851 1320 852 1320 851 1321 853 1321 852 1321 852 1322 853 1322 854 1322 853 1323 855 1323 854 1323 854 1324 855 1324 856 1324 855 1325 857 1325 856 1325 856 1326 857 1326 858 1326 857 1327 859 1327 858 1327 858 1328 859 1328 860 1328 859 1329 861 1329 860 1329 860 1330 861 1330 862 1330 861 1331 863 1331 862 1331 862 1332 863 1332 864 1332 863 1333 865 1333 864 1333 864 1334 865 1334 866 1334 865 1335 867 1335 866 1335 866 1336 867 1336 868 1336 867 1337 869 1337 868 1337 868 1338 869 1338 870 1338 869 1339 871 1339 870 1339 870 1340 871 1340 872 1340 871 1341 873 1341 872 1341 872 1342 873 1342 874 1342 873 1343 875 1343 874 1343 874 1344 875 1344 876 1344 875 1345 877 1345 876 1345 876 1346 877 1346 878 1346 877 1347 879 1347 878 1347 878 1348 879 1348 880 1348 879 1349 881 1349 880 1349 880 1350 881 1350 882 1350 881 1351 883 1351 882 1351 882 1352 883 1352 884 1352 883 1353 885 1353 884 1353 884 1354 885 1354 886 1354 885 1355 887 1355 886 1355 886 1356 887 1356 888 1356 887 1357 889 1357 888 1357 888 1358 889 1358 890 1358 889 1359 891 1359 890 1359 890 1360 891 1360 892 1360 891 1361 893 1361 892 1361 892 1362 893 1362 894 1362 893 1363 895 1363 894 1363 894 1364 895 1364 896 1364 895 1365 897 1365 896 1365 896 1366 897 1366 898 1366 897 1367 899 1367 898 1367 898 1368 899 1368 900 1368 899 1369 901 1369 900 1369 900 1370 901 1370 902 1370 901 1371 903 1371 902 1371 902 1372 903 1372 904 1372 903 1373 905 1373 904 1373 904 1374 905 1374 906 1374 905 1375 907 1375 906 1375 906 1376 907 1376 908 1376 907 1377 909 1377 908 1377 908 1378 909 1378 910 1378 909 1379 911 1379 910 1379 910 1380 911 1380 912 1380 911 1381 913 1381 912 1381 912 1382 913 1382 914 1382 913 1383 915 1383 914 1383 914 1384 915 1384 916 1384 915 1385 917 1385 916 1385 916 1386 917 1386 918 1386 917 1387 919 1387 918 1387 918 1388 919 1388 920 1388 919 1389 921 1389 920 1389 920 1390 921 1390 922 1390 921 1391 923 1391 922 1391 922 1392 923 1392 924 1392 923 1393 925 1393 924 1393 924 1394 925 1394 926 1394 925 1395 927 1395 926 1395 927 1396 701 1396 926 1396 701 1397 700 1397 926 1397 636 1398 638 1398 928 1398 646 1399 648 1399 929 1399 648 1400 650 1400 929 1400 650 1401 652 1401 929 1401 929 1402 652 1402 654 1402 630 1403 632 1403 928 1403 632 1404 634 1404 928 1404 928 1405 634 1405 636 1405 638 1406 640 1406 928 1406 640 1407 642 1407 928 1407 928 1408 642 1408 929 1408 642 1409 644 1409 929 1409 929 1410 644 1410 646 1410 741 1411 739 1411 930 1411 654 1412 656 1412 929 1412 656 1413 658 1413 929 1413 929 1414 658 1414 660 1414 492 1415 494 1415 871 1415 494 1416 496 1416 871 1416 496 1417 498 1417 871 1417 871 1418 498 1418 500 1418 524 1419 919 1419 522 1419 919 1420 917 1420 522 1420 903 1421 901 1421 522 1421 903 1422 522 1422 905 1422 500 1423 502 1423 871 1423 502 1424 504 1424 871 1424 871 1425 504 1425 506 1425 783 1426 781 1426 931 1426 781 1427 779 1427 931 1427 779 1428 777 1428 931 1428 931 1429 777 1429 775 1429 871 1430 484 1430 486 1430 877 1431 875 1431 522 1431 875 1432 873 1432 522 1432 522 1433 873 1433 520 1433 873 1434 871 1434 520 1434 520 1435 871 1435 518 1435 660 1436 662 1436 929 1436 662 1437 664 1437 929 1437 929 1438 664 1438 666 1438 791 1439 789 1439 931 1439 775 1440 773 1440 931 1440 773 1441 771 1441 931 1441 931 1442 771 1442 769 1442 930 1443 749 1443 747 1443 733 1444 731 1444 930 1444 486 1445 488 1445 871 1445 488 1446 490 1446 871 1446 871 1447 490 1447 492 1447 917 1448 915 1448 522 1448 915 1449 913 1449 522 1449 522 1450 913 1450 911 1450 901 1451 899 1451 522 1451 899 1452 897 1452 522 1452 522 1453 897 1453 895 1453 895 1454 893 1454 522 1454 893 1455 891 1455 522 1455 522 1456 891 1456 889 1456 506 1457 508 1457 871 1457 508 1458 510 1458 871 1458 871 1459 510 1459 512 1459 789 1460 787 1460 931 1460 787 1461 785 1461 931 1461 931 1462 785 1462 783 1462 769 1463 767 1463 931 1463 767 1464 765 1464 931 1464 931 1465 765 1465 763 1465 755 1466 753 1466 930 1466 753 1467 751 1467 930 1467 930 1468 751 1468 749 1468 747 1469 745 1469 930 1469 745 1470 743 1470 930 1470 930 1471 743 1471 741 1471 618 1472 620 1472 928 1472 620 1473 622 1473 928 1473 928 1474 622 1474 624 1474 911 1475 909 1475 522 1475 909 1476 907 1476 522 1476 522 1477 907 1477 905 1477 512 1478 514 1478 871 1478 514 1479 516 1479 871 1479 871 1480 516 1480 518 1480 871 1481 869 1481 484 1481 869 1482 867 1482 484 1482 484 1483 867 1483 482 1483 803 1484 801 1484 931 1484 801 1485 799 1485 931 1485 931 1486 799 1486 797 1486 797 1487 795 1487 931 1487 795 1488 793 1488 931 1488 931 1489 793 1489 791 1489 763 1490 761 1490 931 1490 761 1491 759 1491 931 1491 931 1492 759 1492 930 1492 759 1493 757 1493 930 1493 930 1494 757 1494 755 1494 524 1495 526 1495 919 1495 526 1496 528 1496 919 1496 919 1497 528 1497 530 1497 530 1498 532 1498 919 1498 532 1499 534 1499 919 1499 919 1500 534 1500 536 1500 546 1501 548 1501 930 1501 624 1502 626 1502 928 1502 626 1503 628 1503 928 1503 928 1504 628 1504 630 1504 889 1505 887 1505 522 1505 887 1506 885 1506 522 1506 522 1507 885 1507 883 1507 883 1508 881 1508 522 1508 881 1509 879 1509 522 1509 522 1510 879 1510 877 1510 739 1511 737 1511 930 1511 737 1512 735 1512 930 1512 930 1513 735 1513 733 1513 839 1514 929 1514 841 1514 929 1515 843 1515 841 1515 839 1516 837 1516 929 1516 837 1517 835 1517 929 1517 929 1518 835 1518 833 1518 564 1519 930 1519 562 1519 930 1520 560 1520 562 1520 930 1521 570 1521 572 1521 666 1522 668 1522 929 1522 668 1523 670 1523 929 1523 929 1524 670 1524 672 1524 684 1525 686 1525 929 1525 686 1526 688 1526 929 1526 855 1527 929 1527 857 1527 929 1528 859 1528 857 1528 855 1529 853 1529 929 1529 853 1530 851 1530 929 1530 929 1531 851 1531 849 1531 849 1532 847 1532 929 1532 847 1533 845 1533 929 1533 929 1534 845 1534 843 1534 548 1535 550 1535 930 1535 550 1536 552 1536 930 1536 930 1537 552 1537 554 1537 554 1538 556 1538 930 1538 556 1539 558 1539 930 1539 930 1540 558 1540 560 1540 564 1541 566 1541 930 1541 566 1542 568 1542 930 1542 930 1543 568 1543 570 1543 678 1544 680 1544 929 1544 680 1545 682 1545 929 1545 929 1546 682 1546 684 1546 931 1547 825 1547 823 1547 931 1548 817 1548 815 1548 809 1549 807 1549 931 1549 807 1550 805 1550 931 1550 931 1551 805 1551 803 1551 731 1552 729 1552 930 1552 729 1553 727 1553 930 1553 930 1554 727 1554 725 1554 930 1555 713 1555 711 1555 711 1556 709 1556 930 1556 709 1557 707 1557 930 1557 930 1558 707 1558 705 1558 672 1559 674 1559 929 1559 674 1560 676 1560 929 1560 929 1561 676 1561 678 1561 867 1562 865 1562 482 1562 865 1563 863 1563 482 1563 482 1564 863 1564 861 1564 833 1565 831 1565 929 1565 831 1566 829 1566 929 1566 929 1567 829 1567 931 1567 829 1568 827 1568 931 1568 931 1569 827 1569 825 1569 823 1570 821 1570 931 1570 821 1571 819 1571 931 1571 931 1572 819 1572 817 1572 815 1573 813 1573 931 1573 813 1574 811 1574 931 1574 931 1575 811 1575 809 1575 725 1576 723 1576 930 1576 723 1577 721 1577 930 1577 930 1578 721 1578 719 1578 688 1579 690 1579 929 1579 690 1580 692 1580 929 1580 929 1581 692 1581 694 1581 480 1582 482 1582 929 1582 482 1583 861 1583 929 1583 929 1584 861 1584 859 1584 719 1585 717 1585 930 1585 717 1586 715 1586 930 1586 930 1587 715 1587 713 1587 580 1588 582 1588 928 1588 582 1589 584 1589 928 1589 928 1590 584 1590 586 1590 928 1591 604 1591 606 1591 606 1592 608 1592 928 1592 608 1593 610 1593 928 1593 928 1594 610 1594 612 1594 694 1595 696 1595 929 1595 696 1596 698 1596 929 1596 929 1597 698 1597 589 1597 705 1598 703 1598 930 1598 703 1599 701 1599 930 1599 930 1600 701 1600 927 1600 927 1601 925 1601 930 1601 925 1602 923 1602 930 1602 930 1603 923 1603 921 1603 572 1604 574 1604 930 1604 574 1605 576 1605 930 1605 930 1606 576 1606 928 1606 576 1607 578 1607 928 1607 928 1608 578 1608 580 1608 590 1609 592 1609 928 1609 592 1610 594 1610 928 1610 594 1611 596 1611 928 1611 928 1612 596 1612 598 1612 598 1613 600 1613 928 1613 600 1614 602 1614 928 1614 928 1615 602 1615 604 1615 612 1616 614 1616 928 1616 614 1617 616 1617 928 1617 928 1618 616 1618 618 1618 589 1619 476 1619 929 1619 476 1620 478 1620 929 1620 929 1621 478 1621 480 1621 536 1622 538 1622 919 1622 538 1623 540 1623 919 1623 919 1624 540 1624 921 1624 540 1625 542 1625 921 1625 921 1626 542 1626 930 1626 542 1627 544 1627 930 1627 930 1628 544 1628 546 1628 586 1629 474 1629 928 1629 474 1630 475 1630 928 1630 928 1631 475 1631 590 1631 815 1632 814 1632 813 1632 814 1633 812 1633 813 1633 657 1634 655 1634 932 1634 633 1635 631 1635 933 1635 641 1636 639 1636 933 1636 639 1637 637 1637 933 1637 637 1638 635 1638 933 1638 933 1639 635 1639 633 1639 772 1640 774 1640 934 1640 663 1641 661 1641 932 1641 661 1642 659 1642 932 1642 932 1643 659 1643 657 1643 655 1644 653 1644 932 1644 653 1645 651 1645 932 1645 932 1646 651 1646 649 1646 573 1647 571 1647 935 1647 740 1648 742 1648 935 1648 742 1649 744 1649 935 1649 935 1650 744 1650 746 1650 746 1651 748 1651 935 1651 748 1652 750 1652 935 1652 935 1653 750 1653 752 1653 760 1654 762 1654 934 1654 762 1655 764 1655 934 1655 934 1656 764 1656 766 1656 934 1657 523 1657 521 1657 671 1658 669 1658 932 1658 649 1659 647 1659 932 1659 647 1660 645 1660 932 1660 932 1661 645 1661 933 1661 645 1662 643 1662 933 1662 933 1663 643 1663 641 1663 631 1664 629 1664 933 1664 629 1665 627 1665 933 1665 933 1666 627 1666 625 1666 752 1667 754 1667 935 1667 754 1668 756 1668 935 1668 935 1669 756 1669 934 1669 756 1670 758 1670 934 1670 934 1671 758 1671 760 1671 766 1672 768 1672 934 1672 768 1673 770 1673 934 1673 934 1674 770 1674 772 1674 774 1675 776 1675 934 1675 776 1676 778 1676 934 1676 934 1677 778 1677 780 1677 521 1678 519 1678 934 1678 519 1679 517 1679 934 1679 934 1680 517 1680 515 1680 509 1681 507 1681 934 1681 669 1682 667 1682 932 1682 667 1683 665 1683 932 1683 932 1684 665 1684 663 1684 935 1685 565 1685 563 1685 728 1686 730 1686 935 1686 730 1687 732 1687 935 1687 935 1688 732 1688 734 1688 822 1689 824 1689 533 1689 822 1690 533 1690 820 1690 824 1691 826 1691 533 1691 826 1692 828 1692 533 1692 533 1693 828 1693 830 1693 830 1694 832 1694 533 1694 832 1695 834 1695 533 1695 533 1696 834 1696 836 1696 780 1697 782 1697 934 1697 782 1698 784 1698 934 1698 934 1699 784 1699 786 1699 786 1700 788 1700 934 1700 788 1701 790 1701 934 1701 934 1702 790 1702 792 1702 507 1703 505 1703 934 1703 505 1704 503 1704 934 1704 934 1705 503 1705 501 1705 685 1706 683 1706 932 1706 625 1707 623 1707 933 1707 623 1708 621 1708 933 1708 933 1709 621 1709 619 1709 571 1710 569 1710 935 1710 569 1711 567 1711 935 1711 935 1712 567 1712 565 1712 734 1713 736 1713 935 1713 736 1714 738 1714 935 1714 935 1715 738 1715 740 1715 888 1716 890 1716 541 1716 890 1717 892 1717 541 1717 898 1718 900 1718 541 1718 900 1719 902 1719 541 1719 541 1720 902 1720 904 1720 792 1721 794 1721 934 1721 794 1722 796 1722 934 1722 934 1723 796 1723 798 1723 531 1724 816 1724 533 1724 816 1725 818 1725 533 1725 533 1726 818 1726 820 1726 563 1727 561 1727 935 1727 561 1728 559 1728 935 1728 935 1729 559 1729 557 1729 557 1730 555 1730 935 1730 555 1731 553 1731 935 1731 935 1732 553 1732 551 1732 720 1733 722 1733 935 1733 836 1734 838 1734 533 1734 838 1735 840 1735 533 1735 533 1736 840 1736 842 1736 868 1737 870 1737 537 1737 870 1738 872 1738 537 1738 537 1739 872 1739 874 1739 876 1740 541 1740 874 1740 541 1741 539 1741 874 1741 874 1742 539 1742 537 1742 892 1743 894 1743 541 1743 894 1744 896 1744 541 1744 541 1745 896 1745 898 1745 904 1746 906 1746 541 1746 906 1747 908 1747 541 1747 541 1748 908 1748 910 1748 910 1749 912 1749 541 1749 912 1750 914 1750 541 1750 541 1751 914 1751 916 1751 798 1752 800 1752 934 1752 800 1753 802 1753 934 1753 934 1754 802 1754 804 1754 515 1755 513 1755 934 1755 513 1756 511 1756 934 1756 934 1757 511 1757 509 1757 501 1758 499 1758 934 1758 499 1759 497 1759 934 1759 934 1760 497 1760 495 1760 581 1761 579 1761 935 1761 916 1762 918 1762 541 1762 918 1763 920 1763 541 1763 541 1764 920 1764 543 1764 708 1765 935 1765 706 1765 935 1766 704 1766 706 1766 722 1767 724 1767 935 1767 724 1768 726 1768 935 1768 935 1769 726 1769 728 1769 842 1770 844 1770 533 1770 844 1771 846 1771 533 1771 533 1772 846 1772 848 1772 848 1773 850 1773 533 1773 850 1774 852 1774 533 1774 533 1775 852 1775 854 1775 854 1776 856 1776 533 1776 856 1777 858 1777 533 1777 533 1778 858 1778 860 1778 860 1779 862 1779 533 1779 862 1780 864 1780 533 1780 533 1781 864 1781 866 1781 876 1782 878 1782 541 1782 878 1783 880 1783 541 1783 541 1784 880 1784 882 1784 697 1785 695 1785 932 1785 695 1786 693 1786 932 1786 932 1787 693 1787 691 1787 691 1788 689 1788 932 1788 689 1789 687 1789 932 1789 932 1790 687 1790 685 1790 683 1791 681 1791 932 1791 681 1792 679 1792 932 1792 932 1793 679 1793 677 1793 619 1794 617 1794 933 1794 617 1795 615 1795 933 1795 933 1796 615 1796 613 1796 579 1797 577 1797 935 1797 577 1798 575 1798 935 1798 935 1799 575 1799 573 1799 708 1800 710 1800 935 1800 710 1801 712 1801 935 1801 935 1802 712 1802 714 1802 868 1803 537 1803 866 1803 537 1804 535 1804 866 1804 866 1805 535 1805 533 1805 882 1806 884 1806 541 1806 884 1807 886 1807 541 1807 541 1808 886 1808 888 1808 804 1809 806 1809 934 1809 806 1810 808 1810 934 1810 934 1811 808 1811 810 1811 495 1812 493 1812 934 1812 493 1813 491 1813 934 1813 934 1814 491 1814 489 1814 677 1815 675 1815 932 1815 675 1816 673 1816 932 1816 932 1817 673 1817 671 1817 613 1818 611 1818 933 1818 611 1819 609 1819 933 1819 933 1820 609 1820 607 1820 607 1821 605 1821 933 1821 605 1822 603 1822 933 1822 933 1823 603 1823 601 1823 601 1824 599 1824 933 1824 599 1825 597 1825 933 1825 933 1826 597 1826 595 1826 551 1827 549 1827 935 1827 549 1828 547 1828 935 1828 935 1829 547 1829 920 1829 547 1830 545 1830 920 1830 920 1831 545 1831 543 1831 920 1832 922 1832 935 1832 922 1833 924 1833 935 1833 935 1834 924 1834 926 1834 714 1835 716 1835 935 1835 716 1836 718 1836 935 1836 935 1837 718 1837 720 1837 810 1838 812 1838 934 1838 812 1839 814 1839 934 1839 934 1840 814 1840 816 1840 489 1841 487 1841 934 1841 487 1842 485 1842 934 1842 934 1843 485 1843 932 1843 485 1844 483 1844 932 1844 483 1845 481 1845 932 1845 481 1846 479 1846 932 1846 932 1847 479 1847 477 1847 581 1848 935 1848 583 1848 935 1849 933 1849 583 1849 583 1850 933 1850 585 1850 926 1851 700 1851 935 1851 700 1852 702 1852 935 1852 935 1853 702 1853 704 1853 531 1854 529 1854 816 1854 529 1855 527 1855 816 1855 816 1856 527 1856 934 1856 527 1857 525 1857 934 1857 934 1858 525 1858 523 1858 477 1859 588 1859 932 1859 588 1860 699 1860 932 1860 932 1861 699 1861 697 1861 595 1862 593 1862 933 1862 593 1863 591 1863 933 1863 933 1864 591 1864 473 1864 473 1865 472 1865 933 1865 472 1866 587 1866 933 1866 933 1867 587 1867 585 1867 934 1868 932 1868 931 1868 932 1869 929 1869 931 1869 935 1870 934 1870 930 1870 934 1871 931 1871 930 1871 933 1872 935 1872 928 1872 935 1873 930 1873 928 1873 932 1874 933 1874 929 1874 933 1875 928 1875 929 1875 936 1876 937 1876 938 1876 937 1877 939 1877 938 1877 940 1878 941 1878 942 1878 941 1879 943 1879 942 1879 943 1880 941 1880 938 1880 941 1881 936 1881 938 1881 941 1882 940 1882 936 1882 940 1883 937 1883 936 1883 942 1884 943 1884 939 1884 943 1885 938 1885 939 1885 940 1886 942 1886 937 1886 942 1887 939 1887 937 1887 944 1888 945 1888 946 1888 945 1889 947 1889 946 1889 948 1890 949 1890 950 1890 949 1891 951 1891 950 1891 951 1892 949 1892 946 1892 949 1893 944 1893 946 1893 949 1894 948 1894 944 1894 948 1895 945 1895 944 1895 950 1896 951 1896 947 1896 951 1897 946 1897 947 1897 948 1898 950 1898 945 1898 950 1899 947 1899 945 1899 952 1900 953 1900 954 1900 953 1901 955 1901 954 1901 956 1902 957 1902 958 1902 957 1903 959 1903 958 1903 959 1904 957 1904 954 1904 957 1905 952 1905 954 1905 957 1906 956 1906 952 1906 956 1907 953 1907 952 1907 958 1908 959 1908 955 1908 959 1909 954 1909 955 1909 956 1910 958 1910 953 1910 958 1911 955 1911 953 1911 960 1912 961 1912 962 1912 961 1913 963 1913 962 1913 964 1914 965 1914 966 1914 965 1915 967 1915 966 1915 966 1916 967 1916 968 1916 967 1917 969 1917 968 1917 968 1918 969 1918 970 1918 969 1919 971 1919 970 1919 970 1920 971 1920 972 1920 971 1921 973 1921 972 1921 972 1922 973 1922 974 1922 973 1923 975 1923 974 1923 974 1924 975 1924 976 1924 975 1925 977 1925 976 1925 976 1926 977 1926 978 1926 977 1927 979 1927 978 1927 978 1928 979 1928 980 1928 979 1929 981 1929 980 1929 980 1930 981 1930 982 1930 981 1931 983 1931 982 1931 982 1932 983 1932 984 1932 983 1933 985 1933 984 1933 984 1934 985 1934 986 1934 985 1935 987 1935 986 1935 986 1936 987 1936 988 1936 987 1937 989 1937 988 1937 988 1938 989 1938 990 1938 989 1939 991 1939 990 1939 990 1940 991 1940 992 1940 991 1941 993 1941 992 1941 992 1942 993 1942 994 1942 993 1943 995 1943 994 1943 994 1944 995 1944 996 1944 995 1945 997 1945 996 1945 996 1946 997 1946 998 1946 997 1947 999 1947 998 1947 998 1948 999 1948 1000 1948 999 1949 1001 1949 1000 1949 1000 1950 1001 1950 1002 1950 1001 1951 1003 1951 1002 1951 1002 1952 1003 1952 1004 1952 1003 1953 1005 1953 1004 1953 1004 1954 1005 1954 1006 1954 1005 1955 1007 1955 1006 1955 1006 1956 1007 1956 1008 1956 1007 1957 1009 1957 1008 1957 1008 1958 1009 1958 1010 1958 1009 1959 1011 1959 1010 1959 1010 1960 1011 1960 1012 1960 1011 1961 1013 1961 1012 1961 1012 1962 1013 1962 1014 1962 1013 1963 1015 1963 1014 1963 1014 1964 1015 1964 1016 1964 1015 1965 1017 1965 1016 1965 1016 1966 1017 1966 1018 1966 1017 1967 1019 1967 1018 1967 1018 1968 1019 1968 1020 1968 1019 1969 1021 1969 1020 1969 1020 1970 1021 1970 1022 1970 1021 1971 1023 1971 1022 1971 1022 1972 1023 1972 1024 1972 1023 1973 1025 1973 1024 1973 1024 1974 1025 1974 1026 1974 1025 1975 1027 1975 1026 1975 1026 1976 1027 1976 1028 1976 1027 1977 1029 1977 1028 1977 1028 1978 1029 1978 1030 1978 1029 1979 1031 1979 1030 1979 1030 1980 1031 1980 1032 1980 1031 1981 1033 1981 1032 1981 1032 1982 1033 1982 1034 1982 1033 1983 1035 1983 1034 1983 1034 1984 1035 1984 1036 1984 1035 1985 1037 1985 1036 1985 1036 1986 1037 1986 1038 1986 1037 1987 1039 1987 1038 1987 1038 1988 1039 1988 1040 1988 1039 1989 1041 1989 1040 1989 1040 1990 1041 1990 1042 1990 1041 1991 1043 1991 1042 1991 1042 1992 1043 1992 1044 1992 1043 1993 1045 1993 1044 1993 1044 1994 1045 1994 1046 1994 1045 1995 1047 1995 1046 1995 1046 1996 1047 1996 1048 1996 1047 1997 1049 1997 1048 1997 1048 1998 1049 1998 1050 1998 1049 1999 1051 1999 1050 1999 1050 2000 1051 2000 1052 2000 1051 2001 1053 2001 1052 2001 1052 2002 1053 2002 1054 2002 1053 2003 1055 2003 1054 2003 1054 2004 1055 2004 1056 2004 1055 2005 1057 2005 1056 2005 1056 2006 1057 2006 1058 2006 1057 2007 1059 2007 1058 2007 1058 2008 1059 2008 1060 2008 1059 2009 1061 2009 1060 2009 1060 2010 1061 2010 1062 2010 1061 2011 1063 2011 1062 2011 1062 2012 1063 2012 1064 2012 1063 2013 1065 2013 1064 2013 1064 2014 1065 2014 1066 2014 1065 2015 1067 2015 1066 2015 1066 2016 1067 2016 1068 2016 1067 2017 1069 2017 1068 2017 1068 2018 1069 2018 1070 2018 1069 2019 1071 2019 1070 2019 1070 2020 1071 2020 1072 2020 1071 2021 1073 2021 1072 2021 1072 2022 1073 2022 1074 2022 1073 2023 1075 2023 1074 2023 1074 2024 1075 2024 962 2024 1075 2025 960 2025 962 2025 965 2026 964 2026 1076 2026 964 2027 1077 2027 1076 2027 963 2028 961 2028 1078 2028 961 2029 1079 2029 1078 2029 1078 2030 1079 2030 1080 2030 1079 2031 1081 2031 1080 2031 1080 2032 1081 2032 1082 2032 1081 2033 1083 2033 1082 2033 1082 2034 1083 2034 1084 2034 1083 2035 1085 2035 1084 2035 1084 2036 1085 2036 1086 2036 1085 2037 1087 2037 1086 2037 1086 2038 1087 2038 1088 2038 1087 2039 1089 2039 1088 2039 1088 2040 1089 2040 1090 2040 1089 2041 1091 2041 1090 2041 1090 2042 1091 2042 1092 2042 1091 2043 1093 2043 1092 2043 1092 2044 1093 2044 1094 2044 1093 2045 1095 2045 1094 2045 1094 2046 1095 2046 1096 2046 1095 2047 1097 2047 1096 2047 1096 2048 1097 2048 1098 2048 1097 2049 1099 2049 1098 2049 1098 2050 1099 2050 1100 2050 1099 2051 1101 2051 1100 2051 1100 2052 1101 2052 1102 2052 1101 2053 1103 2053 1102 2053 1102 2054 1103 2054 1104 2054 1103 2055 1105 2055 1104 2055 1104 2056 1105 2056 1106 2056 1105 2057 1107 2057 1106 2057 1106 2058 1107 2058 1108 2058 1107 2059 1109 2059 1108 2059 1108 2060 1109 2060 1110 2060 1109 2061 1111 2061 1110 2061 1110 2062 1111 2062 1112 2062 1111 2063 1113 2063 1112 2063 1112 2064 1113 2064 1114 2064 1113 2065 1115 2065 1114 2065 1114 2066 1115 2066 1116 2066 1115 2067 1117 2067 1116 2067 1116 2068 1117 2068 1118 2068 1117 2069 1119 2069 1118 2069 1118 2070 1119 2070 1120 2070 1119 2071 1121 2071 1120 2071 1120 2072 1121 2072 1122 2072 1121 2073 1123 2073 1122 2073 1122 2074 1123 2074 1124 2074 1123 2075 1125 2075 1124 2075 1124 2076 1125 2076 1126 2076 1125 2077 1127 2077 1126 2077 1126 2078 1127 2078 1128 2078 1127 2079 1129 2079 1128 2079 1128 2080 1129 2080 1130 2080 1129 2081 1131 2081 1130 2081 1130 2082 1131 2082 1132 2082 1131 2083 1133 2083 1132 2083 1132 2084 1133 2084 1134 2084 1133 2085 1135 2085 1134 2085 1134 2086 1135 2086 1136 2086 1135 2087 1137 2087 1136 2087 1136 2088 1137 2088 1138 2088 1137 2089 1139 2089 1138 2089 1138 2090 1139 2090 1140 2090 1139 2091 1141 2091 1140 2091 1140 2092 1141 2092 1142 2092 1141 2093 1143 2093 1142 2093 1142 2094 1143 2094 1144 2094 1143 2095 1145 2095 1144 2095 1144 2096 1145 2096 1146 2096 1145 2097 1147 2097 1146 2097 1146 2098 1147 2098 1148 2098 1147 2099 1149 2099 1148 2099 1148 2100 1149 2100 1150 2100 1149 2101 1151 2101 1150 2101 1150 2102 1151 2102 1152 2102 1151 2103 1153 2103 1152 2103 1152 2104 1153 2104 1154 2104 1153 2105 1155 2105 1154 2105 1154 2106 1155 2106 1156 2106 1155 2107 1157 2107 1156 2107 1156 2108 1157 2108 1158 2108 1157 2109 1159 2109 1158 2109 1158 2110 1159 2110 1160 2110 1159 2111 1161 2111 1160 2111 1160 2112 1161 2112 1162 2112 1161 2113 1163 2113 1162 2113 1162 2114 1163 2114 1164 2114 1163 2115 1165 2115 1164 2115 1164 2116 1165 2116 1166 2116 1165 2117 1167 2117 1166 2117 1166 2118 1167 2118 1168 2118 1167 2119 1169 2119 1168 2119 1168 2120 1169 2120 1170 2120 1169 2121 1171 2121 1170 2121 1170 2122 1171 2122 1172 2122 1171 2123 1173 2123 1172 2123 1172 2124 1173 2124 1174 2124 1173 2125 1175 2125 1174 2125 1174 2126 1175 2126 1176 2126 1175 2127 1177 2127 1176 2127 1176 2128 1177 2128 1178 2128 1177 2129 1179 2129 1178 2129 1178 2130 1179 2130 1180 2130 1179 2131 1181 2131 1180 2131 1180 2132 1181 2132 1182 2132 1181 2133 1183 2133 1182 2133 1182 2134 1183 2134 1184 2134 1183 2135 1185 2135 1184 2135 1184 2136 1185 2136 1186 2136 1185 2137 1187 2137 1186 2137 1186 2138 1187 2138 1077 2138 1187 2139 1076 2139 1077 2139 1188 2140 1189 2140 1190 2140 1189 2141 1191 2141 1190 2141 1190 2142 1191 2142 1192 2142 1191 2143 1193 2143 1192 2143 1192 2144 1193 2144 1194 2144 1193 2145 1195 2145 1194 2145 1194 2146 1195 2146 1196 2146 1195 2147 1197 2147 1196 2147 1196 2148 1197 2148 1198 2148 1197 2149 1199 2149 1198 2149 1198 2150 1199 2150 1200 2150 1199 2151 1201 2151 1200 2151 1200 2152 1201 2152 1202 2152 1201 2153 1203 2153 1202 2153 1202 2154 1203 2154 1204 2154 1203 2155 1205 2155 1204 2155 1204 2156 1205 2156 1206 2156 1205 2157 1207 2157 1206 2157 1206 2158 1207 2158 1208 2158 1207 2159 1209 2159 1208 2159 1208 2160 1209 2160 1210 2160 1209 2161 1211 2161 1210 2161 1210 2162 1211 2162 1212 2162 1211 2163 1213 2163 1212 2163 1212 2164 1213 2164 1214 2164 1213 2165 1215 2165 1214 2165 1214 2166 1215 2166 1216 2166 1215 2167 1217 2167 1216 2167 1216 2168 1217 2168 1218 2168 1217 2169 1219 2169 1218 2169 1218 2170 1219 2170 1220 2170 1219 2171 1221 2171 1220 2171 1220 2172 1221 2172 1222 2172 1221 2173 1223 2173 1222 2173 1222 2174 1223 2174 1224 2174 1223 2175 1225 2175 1224 2175 1224 2176 1225 2176 1226 2176 1225 2177 1227 2177 1226 2177 1226 2178 1227 2178 1228 2178 1227 2179 1229 2179 1228 2179 1228 2180 1229 2180 1230 2180 1229 2181 1231 2181 1230 2181 1230 2182 1231 2182 1232 2182 1231 2183 1233 2183 1232 2183 1232 2184 1233 2184 1234 2184 1233 2185 1235 2185 1234 2185 1234 2186 1235 2186 1236 2186 1235 2187 1237 2187 1236 2187 1236 2188 1237 2188 1238 2188 1237 2189 1239 2189 1238 2189 1238 2190 1239 2190 1240 2190 1239 2191 1241 2191 1240 2191 1240 2192 1241 2192 1242 2192 1241 2193 1243 2193 1242 2193 1242 2194 1243 2194 1244 2194 1243 2195 1245 2195 1244 2195 1244 2196 1245 2196 1246 2196 1245 2197 1247 2197 1246 2197 1246 2198 1247 2198 1248 2198 1247 2199 1249 2199 1248 2199 1248 2200 1249 2200 1250 2200 1249 2201 1251 2201 1250 2201 1250 2202 1251 2202 1252 2202 1251 2203 1253 2203 1252 2203 1252 2204 1253 2204 1254 2204 1253 2205 1255 2205 1254 2205 1254 2206 1255 2206 1256 2206 1255 2207 1257 2207 1256 2207 1256 2208 1257 2208 1258 2208 1257 2209 1259 2209 1258 2209 1258 2210 1259 2210 1260 2210 1259 2211 1261 2211 1260 2211 1260 2212 1261 2212 1262 2212 1261 2213 1263 2213 1262 2213 1262 2214 1263 2214 1264 2214 1263 2215 1265 2215 1264 2215 1264 2216 1265 2216 1266 2216 1265 2217 1267 2217 1266 2217 1266 2218 1267 2218 1268 2218 1267 2219 1269 2219 1268 2219 1268 2220 1269 2220 1270 2220 1269 2221 1271 2221 1270 2221 1270 2222 1271 2222 1272 2222 1271 2223 1273 2223 1272 2223 1272 2224 1273 2224 1274 2224 1273 2225 1275 2225 1274 2225 1274 2226 1275 2226 1276 2226 1275 2227 1277 2227 1276 2227 1276 2228 1277 2228 1278 2228 1277 2229 1279 2229 1278 2229 1278 2230 1279 2230 1280 2230 1279 2231 1281 2231 1280 2231 1280 2232 1281 2232 1282 2232 1281 2233 1283 2233 1282 2233 1282 2234 1283 2234 1284 2234 1283 2235 1285 2235 1284 2235 1284 2236 1285 2236 1286 2236 1285 2237 1287 2237 1286 2237 1286 2238 1287 2238 1288 2238 1287 2239 1289 2239 1288 2239 1288 2240 1289 2240 1290 2240 1289 2241 1291 2241 1290 2241 1290 2242 1291 2242 1292 2242 1291 2243 1293 2243 1292 2243 1292 2244 1293 2244 1294 2244 1293 2245 1295 2245 1294 2245 1294 2246 1295 2246 1296 2246 1295 2247 1297 2247 1296 2247 1296 2248 1297 2248 1298 2248 1297 2249 1299 2249 1298 2249 1298 2250 1299 2250 1300 2250 1299 2251 1301 2251 1300 2251 1302 2252 1303 2252 1304 2252 1303 2253 1305 2253 1304 2253 1304 2254 1305 2254 1306 2254 1305 2255 1307 2255 1306 2255 1306 2256 1307 2256 1308 2256 1307 2257 1309 2257 1308 2257 1308 2258 1309 2258 1310 2258 1309 2259 1311 2259 1310 2259 1310 2260 1311 2260 1312 2260 1311 2261 1313 2261 1312 2261 1312 2262 1313 2262 1314 2262 1313 2263 1315 2263 1314 2263 1314 2264 1315 2264 1316 2264 1315 2265 1317 2265 1316 2265 1316 2266 1317 2266 1318 2266 1317 2267 1319 2267 1318 2267 1318 2268 1319 2268 1320 2268 1319 2269 1321 2269 1320 2269 1320 2270 1321 2270 1322 2270 1321 2271 1323 2271 1322 2271 1322 2272 1323 2272 1324 2272 1323 2273 1325 2273 1324 2273 1324 2274 1325 2274 1326 2274 1325 2275 1327 2275 1326 2275 1326 2276 1327 2276 1328 2276 1327 2277 1329 2277 1328 2277 1328 2278 1329 2278 1330 2278 1329 2279 1331 2279 1330 2279 1330 2280 1331 2280 1332 2280 1331 2281 1333 2281 1332 2281 1332 2282 1333 2282 1334 2282 1333 2283 1335 2283 1334 2283 1334 2284 1335 2284 1336 2284 1335 2285 1337 2285 1336 2285 1336 2286 1337 2286 1338 2286 1337 2287 1339 2287 1338 2287 1338 2288 1339 2288 1340 2288 1339 2289 1341 2289 1340 2289 1340 2290 1341 2290 1342 2290 1341 2291 1343 2291 1342 2291 1342 2292 1343 2292 1344 2292 1343 2293 1345 2293 1344 2293 1344 2294 1345 2294 1346 2294 1345 2295 1347 2295 1346 2295 1346 2296 1347 2296 1348 2296 1347 2297 1349 2297 1348 2297 1348 2298 1349 2298 1350 2298 1349 2299 1351 2299 1350 2299 1350 2300 1351 2300 1352 2300 1351 2301 1353 2301 1352 2301 1352 2302 1353 2302 1354 2302 1353 2303 1355 2303 1354 2303 1354 2304 1355 2304 1356 2304 1355 2305 1357 2305 1356 2305 1356 2306 1357 2306 1358 2306 1357 2307 1359 2307 1358 2307 1358 2308 1359 2308 1360 2308 1359 2309 1361 2309 1360 2309 1360 2310 1361 2310 1362 2310 1361 2311 1363 2311 1362 2311 1362 2312 1363 2312 1364 2312 1363 2313 1365 2313 1364 2313 1364 2314 1365 2314 1366 2314 1365 2315 1367 2315 1366 2315 1366 2316 1367 2316 1368 2316 1367 2317 1369 2317 1368 2317 1368 2318 1369 2318 1370 2318 1369 2319 1371 2319 1370 2319 1370 2320 1371 2320 1372 2320 1371 2321 1373 2321 1372 2321 1372 2322 1373 2322 1374 2322 1373 2323 1375 2323 1374 2323 1374 2324 1375 2324 1376 2324 1375 2325 1377 2325 1376 2325 1376 2326 1377 2326 1378 2326 1377 2327 1379 2327 1378 2327 1378 2328 1379 2328 1380 2328 1379 2329 1381 2329 1380 2329 1380 2330 1381 2330 1382 2330 1381 2331 1383 2331 1382 2331 1382 2332 1383 2332 1384 2332 1383 2333 1385 2333 1384 2333 1384 2334 1385 2334 1386 2334 1385 2335 1387 2335 1386 2335 1386 2336 1387 2336 1388 2336 1387 2337 1389 2337 1388 2337 1388 2338 1389 2338 1390 2338 1389 2339 1391 2339 1390 2339 1390 2340 1391 2340 1392 2340 1391 2341 1393 2341 1392 2341 1392 2342 1393 2342 1394 2342 1393 2343 1395 2343 1394 2343 1394 2344 1395 2344 1396 2344 1395 2345 1397 2345 1396 2345 1396 2346 1397 2346 1398 2346 1397 2347 1399 2347 1398 2347 1398 2348 1399 2348 1400 2348 1399 2349 1401 2349 1400 2349 1400 2350 1401 2350 1402 2350 1401 2351 1403 2351 1402 2351 1402 2352 1403 2352 1404 2352 1403 2353 1405 2353 1404 2353 1404 2354 1405 2354 1406 2354 1405 2355 1407 2355 1406 2355 1406 2356 1407 2356 1408 2356 1407 2357 1409 2357 1408 2357 1408 2358 1409 2358 1410 2358 1409 2359 1411 2359 1410 2359 1410 2360 1411 2360 1412 2360 1411 2361 1413 2361 1412 2361 1412 2362 1413 2362 1414 2362 1413 2363 1415 2363 1414 2363 1415 2364 1189 2364 1414 2364 1189 2365 1188 2365 1414 2365 1124 2366 1126 2366 1416 2366 1134 2367 1136 2367 1417 2367 1136 2368 1138 2368 1417 2368 1138 2369 1140 2369 1417 2369 1417 2370 1140 2370 1142 2370 1118 2371 1120 2371 1416 2371 1120 2372 1122 2372 1416 2372 1416 2373 1122 2373 1124 2373 1126 2374 1128 2374 1416 2374 1128 2375 1130 2375 1416 2375 1416 2376 1130 2376 1417 2376 1130 2377 1132 2377 1417 2377 1417 2378 1132 2378 1134 2378 1229 2379 1227 2379 1418 2379 1142 2380 1144 2380 1417 2380 1144 2381 1146 2381 1417 2381 1417 2382 1146 2382 1148 2382 980 2383 982 2383 1359 2383 982 2384 984 2384 1359 2384 984 2385 986 2385 1359 2385 1359 2386 986 2386 988 2386 1012 2387 1407 2387 1010 2387 1407 2388 1405 2388 1010 2388 1391 2389 1389 2389 1010 2389 1391 2390 1010 2390 1393 2390 988 2391 990 2391 1359 2391 990 2392 992 2392 1359 2392 1359 2393 992 2393 994 2393 1271 2394 1269 2394 1419 2394 1269 2395 1267 2395 1419 2395 1267 2396 1265 2396 1419 2396 1419 2397 1265 2397 1263 2397 1359 2398 972 2398 974 2398 1365 2399 1363 2399 1010 2399 1363 2400 1361 2400 1010 2400 1010 2401 1361 2401 1008 2401 1361 2402 1359 2402 1008 2402 1008 2403 1359 2403 1006 2403 1148 2404 1150 2404 1417 2404 1150 2405 1152 2405 1417 2405 1417 2406 1152 2406 1154 2406 1279 2407 1277 2407 1419 2407 1263 2408 1261 2408 1419 2408 1261 2409 1259 2409 1419 2409 1419 2410 1259 2410 1257 2410 1418 2411 1237 2411 1235 2411 1221 2412 1219 2412 1418 2412 974 2413 976 2413 1359 2413 976 2414 978 2414 1359 2414 1359 2415 978 2415 980 2415 1405 2416 1403 2416 1010 2416 1403 2417 1401 2417 1010 2417 1010 2418 1401 2418 1399 2418 1389 2419 1387 2419 1010 2419 1387 2420 1385 2420 1010 2420 1010 2421 1385 2421 1383 2421 1383 2422 1381 2422 1010 2422 1381 2423 1379 2423 1010 2423 1010 2424 1379 2424 1377 2424 994 2425 996 2425 1359 2425 996 2426 998 2426 1359 2426 1359 2427 998 2427 1000 2427 1277 2428 1275 2428 1419 2428 1275 2429 1273 2429 1419 2429 1419 2430 1273 2430 1271 2430 1257 2431 1255 2431 1419 2431 1255 2432 1253 2432 1419 2432 1419 2433 1253 2433 1251 2433 1243 2434 1241 2434 1418 2434 1241 2435 1239 2435 1418 2435 1418 2436 1239 2436 1237 2436 1235 2437 1233 2437 1418 2437 1233 2438 1231 2438 1418 2438 1418 2439 1231 2439 1229 2439 1106 2440 1108 2440 1416 2440 1108 2441 1110 2441 1416 2441 1416 2442 1110 2442 1112 2442 1399 2443 1397 2443 1010 2443 1397 2444 1395 2444 1010 2444 1010 2445 1395 2445 1393 2445 1000 2446 1002 2446 1359 2446 1002 2447 1004 2447 1359 2447 1359 2448 1004 2448 1006 2448 1359 2449 1357 2449 972 2449 1357 2450 1355 2450 972 2450 972 2451 1355 2451 970 2451 1291 2452 1289 2452 1419 2452 1289 2453 1287 2453 1419 2453 1419 2454 1287 2454 1285 2454 1285 2455 1283 2455 1419 2455 1283 2456 1281 2456 1419 2456 1419 2457 1281 2457 1279 2457 1251 2458 1249 2458 1419 2458 1249 2459 1247 2459 1419 2459 1419 2460 1247 2460 1418 2460 1247 2461 1245 2461 1418 2461 1418 2462 1245 2462 1243 2462 1012 2463 1014 2463 1407 2463 1014 2464 1016 2464 1407 2464 1407 2465 1016 2465 1018 2465 1018 2466 1020 2466 1407 2466 1020 2467 1022 2467 1407 2467 1407 2468 1022 2468 1024 2468 1034 2469 1036 2469 1418 2469 1112 2470 1114 2470 1416 2470 1114 2471 1116 2471 1416 2471 1416 2472 1116 2472 1118 2472 1377 2473 1375 2473 1010 2473 1375 2474 1373 2474 1010 2474 1010 2475 1373 2475 1371 2475 1371 2476 1369 2476 1010 2476 1369 2477 1367 2477 1010 2477 1010 2478 1367 2478 1365 2478 1227 2479 1225 2479 1418 2479 1225 2480 1223 2480 1418 2480 1418 2481 1223 2481 1221 2481 1327 2482 1417 2482 1329 2482 1417 2483 1331 2483 1329 2483 1327 2484 1325 2484 1417 2484 1325 2485 1323 2485 1417 2485 1417 2486 1323 2486 1321 2486 1052 2487 1418 2487 1050 2487 1418 2488 1048 2488 1050 2488 1418 2489 1058 2489 1060 2489 1154 2490 1156 2490 1417 2490 1156 2491 1158 2491 1417 2491 1417 2492 1158 2492 1160 2492 1172 2493 1174 2493 1417 2493 1174 2494 1176 2494 1417 2494 1343 2495 1417 2495 1345 2495 1417 2496 1347 2496 1345 2496 1343 2497 1341 2497 1417 2497 1341 2498 1339 2498 1417 2498 1417 2499 1339 2499 1337 2499 1337 2500 1335 2500 1417 2500 1335 2501 1333 2501 1417 2501 1417 2502 1333 2502 1331 2502 1036 2503 1038 2503 1418 2503 1038 2504 1040 2504 1418 2504 1418 2505 1040 2505 1042 2505 1042 2506 1044 2506 1418 2506 1044 2507 1046 2507 1418 2507 1418 2508 1046 2508 1048 2508 1052 2509 1054 2509 1418 2509 1054 2510 1056 2510 1418 2510 1418 2511 1056 2511 1058 2511 1166 2512 1168 2512 1417 2512 1168 2513 1170 2513 1417 2513 1417 2514 1170 2514 1172 2514 1419 2515 1313 2515 1311 2515 1419 2516 1305 2516 1303 2516 1297 2517 1295 2517 1419 2517 1295 2518 1293 2518 1419 2518 1419 2519 1293 2519 1291 2519 1219 2520 1217 2520 1418 2520 1217 2521 1215 2521 1418 2521 1418 2522 1215 2522 1213 2522 1418 2523 1201 2523 1199 2523 1199 2524 1197 2524 1418 2524 1197 2525 1195 2525 1418 2525 1418 2526 1195 2526 1193 2526 1160 2527 1162 2527 1417 2527 1162 2528 1164 2528 1417 2528 1417 2529 1164 2529 1166 2529 1355 2530 1353 2530 970 2530 1353 2531 1351 2531 970 2531 970 2532 1351 2532 1349 2532 1321 2533 1319 2533 1417 2533 1319 2534 1317 2534 1417 2534 1417 2535 1317 2535 1419 2535 1317 2536 1315 2536 1419 2536 1419 2537 1315 2537 1313 2537 1311 2538 1309 2538 1419 2538 1309 2539 1307 2539 1419 2539 1419 2540 1307 2540 1305 2540 1303 2541 1301 2541 1419 2541 1301 2542 1299 2542 1419 2542 1419 2543 1299 2543 1297 2543 1213 2544 1211 2544 1418 2544 1211 2545 1209 2545 1418 2545 1418 2546 1209 2546 1207 2546 1176 2547 1178 2547 1417 2547 1178 2548 1180 2548 1417 2548 1417 2549 1180 2549 1182 2549 968 2550 970 2550 1417 2550 970 2551 1349 2551 1417 2551 1417 2552 1349 2552 1347 2552 1207 2553 1205 2553 1418 2553 1205 2554 1203 2554 1418 2554 1418 2555 1203 2555 1201 2555 1068 2556 1070 2556 1416 2556 1070 2557 1072 2557 1416 2557 1416 2558 1072 2558 1074 2558 1416 2559 1092 2559 1094 2559 1094 2560 1096 2560 1416 2560 1096 2561 1098 2561 1416 2561 1416 2562 1098 2562 1100 2562 1182 2563 1184 2563 1417 2563 1184 2564 1186 2564 1417 2564 1417 2565 1186 2565 1077 2565 1193 2566 1191 2566 1418 2566 1191 2567 1189 2567 1418 2567 1418 2568 1189 2568 1415 2568 1415 2569 1413 2569 1418 2569 1413 2570 1411 2570 1418 2570 1418 2571 1411 2571 1409 2571 1060 2572 1062 2572 1418 2572 1062 2573 1064 2573 1418 2573 1418 2574 1064 2574 1416 2574 1064 2575 1066 2575 1416 2575 1416 2576 1066 2576 1068 2576 1078 2577 1080 2577 1416 2577 1080 2578 1082 2578 1416 2578 1082 2579 1084 2579 1416 2579 1416 2580 1084 2580 1086 2580 1086 2581 1088 2581 1416 2581 1088 2582 1090 2582 1416 2582 1416 2583 1090 2583 1092 2583 1100 2584 1102 2584 1416 2584 1102 2585 1104 2585 1416 2585 1416 2586 1104 2586 1106 2586 1077 2587 964 2587 1417 2587 964 2588 966 2588 1417 2588 1417 2589 966 2589 968 2589 1024 2590 1026 2590 1407 2590 1026 2591 1028 2591 1407 2591 1407 2592 1028 2592 1409 2592 1028 2593 1030 2593 1409 2593 1409 2594 1030 2594 1418 2594 1030 2595 1032 2595 1418 2595 1418 2596 1032 2596 1034 2596 1074 2597 962 2597 1416 2597 962 2598 963 2598 1416 2598 1416 2599 963 2599 1078 2599 1303 2600 1302 2600 1301 2600 1302 2601 1300 2601 1301 2601 1145 2602 1143 2602 1420 2602 1121 2603 1119 2603 1421 2603 1129 2604 1127 2604 1421 2604 1127 2605 1125 2605 1421 2605 1125 2606 1123 2606 1421 2606 1421 2607 1123 2607 1121 2607 1260 2608 1262 2608 1422 2608 1151 2609 1149 2609 1420 2609 1149 2610 1147 2610 1420 2610 1420 2611 1147 2611 1145 2611 1143 2612 1141 2612 1420 2612 1141 2613 1139 2613 1420 2613 1420 2614 1139 2614 1137 2614 1061 2615 1059 2615 1423 2615 1228 2616 1230 2616 1423 2616 1230 2617 1232 2617 1423 2617 1423 2618 1232 2618 1234 2618 1234 2619 1236 2619 1423 2619 1236 2620 1238 2620 1423 2620 1423 2621 1238 2621 1240 2621 1248 2622 1250 2622 1422 2622 1250 2623 1252 2623 1422 2623 1422 2624 1252 2624 1254 2624 1422 2625 1011 2625 1009 2625 1159 2626 1157 2626 1420 2626 1137 2627 1135 2627 1420 2627 1135 2628 1133 2628 1420 2628 1420 2629 1133 2629 1421 2629 1133 2630 1131 2630 1421 2630 1421 2631 1131 2631 1129 2631 1119 2632 1117 2632 1421 2632 1117 2633 1115 2633 1421 2633 1421 2634 1115 2634 1113 2634 1240 2635 1242 2635 1423 2635 1242 2636 1244 2636 1423 2636 1423 2637 1244 2637 1422 2637 1244 2638 1246 2638 1422 2638 1422 2639 1246 2639 1248 2639 1254 2640 1256 2640 1422 2640 1256 2641 1258 2641 1422 2641 1422 2642 1258 2642 1260 2642 1262 2643 1264 2643 1422 2643 1264 2644 1266 2644 1422 2644 1422 2645 1266 2645 1268 2645 1009 2646 1007 2646 1422 2646 1007 2647 1005 2647 1422 2647 1422 2648 1005 2648 1003 2648 997 2649 995 2649 1422 2649 1157 2650 1155 2650 1420 2650 1155 2651 1153 2651 1420 2651 1420 2652 1153 2652 1151 2652 1423 2653 1053 2653 1051 2653 1216 2654 1218 2654 1423 2654 1218 2655 1220 2655 1423 2655 1423 2656 1220 2656 1222 2656 1310 2657 1312 2657 1021 2657 1310 2658 1021 2658 1308 2658 1312 2659 1314 2659 1021 2659 1314 2660 1316 2660 1021 2660 1021 2661 1316 2661 1318 2661 1318 2662 1320 2662 1021 2662 1320 2663 1322 2663 1021 2663 1021 2664 1322 2664 1324 2664 1268 2665 1270 2665 1422 2665 1270 2666 1272 2666 1422 2666 1422 2667 1272 2667 1274 2667 1274 2668 1276 2668 1422 2668 1276 2669 1278 2669 1422 2669 1422 2670 1278 2670 1280 2670 995 2671 993 2671 1422 2671 993 2672 991 2672 1422 2672 1422 2673 991 2673 989 2673 1173 2674 1171 2674 1420 2674 1113 2675 1111 2675 1421 2675 1111 2676 1109 2676 1421 2676 1421 2677 1109 2677 1107 2677 1059 2678 1057 2678 1423 2678 1057 2679 1055 2679 1423 2679 1423 2680 1055 2680 1053 2680 1222 2681 1224 2681 1423 2681 1224 2682 1226 2682 1423 2682 1423 2683 1226 2683 1228 2683 1376 2684 1378 2684 1029 2684 1378 2685 1380 2685 1029 2685 1386 2686 1388 2686 1029 2686 1388 2687 1390 2687 1029 2687 1029 2688 1390 2688 1392 2688 1280 2689 1282 2689 1422 2689 1282 2690 1284 2690 1422 2690 1422 2691 1284 2691 1286 2691 1019 2692 1304 2692 1021 2692 1304 2693 1306 2693 1021 2693 1021 2694 1306 2694 1308 2694 1051 2695 1049 2695 1423 2695 1049 2696 1047 2696 1423 2696 1423 2697 1047 2697 1045 2697 1045 2698 1043 2698 1423 2698 1043 2699 1041 2699 1423 2699 1423 2700 1041 2700 1039 2700 1208 2701 1210 2701 1423 2701 1324 2702 1326 2702 1021 2702 1326 2703 1328 2703 1021 2703 1021 2704 1328 2704 1330 2704 1356 2705 1358 2705 1025 2705 1358 2706 1360 2706 1025 2706 1025 2707 1360 2707 1362 2707 1364 2708 1029 2708 1362 2708 1029 2709 1027 2709 1362 2709 1362 2710 1027 2710 1025 2710 1380 2711 1382 2711 1029 2711 1382 2712 1384 2712 1029 2712 1029 2713 1384 2713 1386 2713 1392 2714 1394 2714 1029 2714 1394 2715 1396 2715 1029 2715 1029 2716 1396 2716 1398 2716 1398 2717 1400 2717 1029 2717 1400 2718 1402 2718 1029 2718 1029 2719 1402 2719 1404 2719 1286 2720 1288 2720 1422 2720 1288 2721 1290 2721 1422 2721 1422 2722 1290 2722 1292 2722 1003 2723 1001 2723 1422 2723 1001 2724 999 2724 1422 2724 1422 2725 999 2725 997 2725 989 2726 987 2726 1422 2726 987 2727 985 2727 1422 2727 1422 2728 985 2728 983 2728 1069 2729 1067 2729 1423 2729 1404 2730 1406 2730 1029 2730 1406 2731 1408 2731 1029 2731 1029 2732 1408 2732 1031 2732 1196 2733 1423 2733 1194 2733 1423 2734 1192 2734 1194 2734 1210 2735 1212 2735 1423 2735 1212 2736 1214 2736 1423 2736 1423 2737 1214 2737 1216 2737 1330 2738 1332 2738 1021 2738 1332 2739 1334 2739 1021 2739 1021 2740 1334 2740 1336 2740 1336 2741 1338 2741 1021 2741 1338 2742 1340 2742 1021 2742 1021 2743 1340 2743 1342 2743 1342 2744 1344 2744 1021 2744 1344 2745 1346 2745 1021 2745 1021 2746 1346 2746 1348 2746 1348 2747 1350 2747 1021 2747 1350 2748 1352 2748 1021 2748 1021 2749 1352 2749 1354 2749 1364 2750 1366 2750 1029 2750 1366 2751 1368 2751 1029 2751 1029 2752 1368 2752 1370 2752 1185 2753 1183 2753 1420 2753 1183 2754 1181 2754 1420 2754 1420 2755 1181 2755 1179 2755 1179 2756 1177 2756 1420 2756 1177 2757 1175 2757 1420 2757 1420 2758 1175 2758 1173 2758 1171 2759 1169 2759 1420 2759 1169 2760 1167 2760 1420 2760 1420 2761 1167 2761 1165 2761 1107 2762 1105 2762 1421 2762 1105 2763 1103 2763 1421 2763 1421 2764 1103 2764 1101 2764 1067 2765 1065 2765 1423 2765 1065 2766 1063 2766 1423 2766 1423 2767 1063 2767 1061 2767 1196 2768 1198 2768 1423 2768 1198 2769 1200 2769 1423 2769 1423 2770 1200 2770 1202 2770 1356 2771 1025 2771 1354 2771 1025 2772 1023 2772 1354 2772 1354 2773 1023 2773 1021 2773 1370 2774 1372 2774 1029 2774 1372 2775 1374 2775 1029 2775 1029 2776 1374 2776 1376 2776 1292 2777 1294 2777 1422 2777 1294 2778 1296 2778 1422 2778 1422 2779 1296 2779 1298 2779 983 2780 981 2780 1422 2780 981 2781 979 2781 1422 2781 1422 2782 979 2782 977 2782 1165 2783 1163 2783 1420 2783 1163 2784 1161 2784 1420 2784 1420 2785 1161 2785 1159 2785 1101 2786 1099 2786 1421 2786 1099 2787 1097 2787 1421 2787 1421 2788 1097 2788 1095 2788 1095 2789 1093 2789 1421 2789 1093 2790 1091 2790 1421 2790 1421 2791 1091 2791 1089 2791 1089 2792 1087 2792 1421 2792 1087 2793 1085 2793 1421 2793 1421 2794 1085 2794 1083 2794 1039 2795 1037 2795 1423 2795 1037 2796 1035 2796 1423 2796 1423 2797 1035 2797 1408 2797 1035 2798 1033 2798 1408 2798 1408 2799 1033 2799 1031 2799 1408 2800 1410 2800 1423 2800 1410 2801 1412 2801 1423 2801 1423 2802 1412 2802 1414 2802 1202 2803 1204 2803 1423 2803 1204 2804 1206 2804 1423 2804 1423 2805 1206 2805 1208 2805 1298 2806 1300 2806 1422 2806 1300 2807 1302 2807 1422 2807 1422 2808 1302 2808 1304 2808 977 2809 975 2809 1422 2809 975 2810 973 2810 1422 2810 1422 2811 973 2811 1420 2811 973 2812 971 2812 1420 2812 971 2813 969 2813 1420 2813 969 2814 967 2814 1420 2814 1420 2815 967 2815 965 2815 1069 2816 1423 2816 1071 2816 1423 2817 1421 2817 1071 2817 1071 2818 1421 2818 1073 2818 1414 2819 1188 2819 1423 2819 1188 2820 1190 2820 1423 2820 1423 2821 1190 2821 1192 2821 1019 2822 1017 2822 1304 2822 1017 2823 1015 2823 1304 2823 1304 2824 1015 2824 1422 2824 1015 2825 1013 2825 1422 2825 1422 2826 1013 2826 1011 2826 965 2827 1076 2827 1420 2827 1076 2828 1187 2828 1420 2828 1420 2829 1187 2829 1185 2829 1083 2830 1081 2830 1421 2830 1081 2831 1079 2831 1421 2831 1421 2832 1079 2832 961 2832 961 2833 960 2833 1421 2833 960 2834 1075 2834 1421 2834 1421 2835 1075 2835 1073 2835 1422 2836 1420 2836 1419 2836 1420 2837 1417 2837 1419 2837 1423 2838 1422 2838 1418 2838 1422 2839 1419 2839 1418 2839 1421 2840 1423 2840 1416 2840 1423 2841 1418 2841 1416 2841 1420 2842 1421 2842 1417 2842 1421 2843 1416 2843 1417 2843 1424 2844 1425 2844 1426 2844 1425 2845 1427 2845 1426 2845 1428 2846 1429 2846 1430 2846 1429 2847 1431 2847 1430 2847 1430 2848 1431 2848 1432 2848 1431 2849 1433 2849 1432 2849 1432 2850 1433 2850 1434 2850 1433 2851 1435 2851 1434 2851 1434 2852 1435 2852 1436 2852 1435 2853 1437 2853 1436 2853 1436 2854 1437 2854 1438 2854 1437 2855 1439 2855 1438 2855 1438 2856 1439 2856 1440 2856 1439 2857 1441 2857 1440 2857 1440 2858 1441 2858 1442 2858 1441 2859 1443 2859 1442 2859 1442 2860 1443 2860 1444 2860 1443 2861 1445 2861 1444 2861 1444 2862 1445 2862 1446 2862 1445 2863 1447 2863 1446 2863 1446 2864 1447 2864 1448 2864 1447 2865 1449 2865 1448 2865 1448 2866 1449 2866 1450 2866 1449 2867 1451 2867 1450 2867 1450 2868 1451 2868 1452 2868 1451 2869 1453 2869 1452 2869 1452 2870 1453 2870 1454 2870 1453 2871 1455 2871 1454 2871 1454 2872 1455 2872 1456 2872 1455 2873 1457 2873 1456 2873 1456 2874 1457 2874 1458 2874 1457 2875 1459 2875 1458 2875 1458 2876 1459 2876 1460 2876 1459 2877 1461 2877 1460 2877 1460 2878 1461 2878 1462 2878 1461 2879 1463 2879 1462 2879 1462 2880 1463 2880 1464 2880 1463 2881 1465 2881 1464 2881 1464 2882 1465 2882 1466 2882 1465 2883 1467 2883 1466 2883 1466 2884 1467 2884 1468 2884 1467 2885 1469 2885 1468 2885 1468 2886 1469 2886 1470 2886 1469 2887 1471 2887 1470 2887 1470 2888 1471 2888 1472 2888 1471 2889 1473 2889 1472 2889 1472 2890 1473 2890 1474 2890 1473 2891 1475 2891 1474 2891 1474 2892 1475 2892 1476 2892 1475 2893 1477 2893 1476 2893 1476 2894 1477 2894 1478 2894 1477 2895 1479 2895 1478 2895 1478 2896 1479 2896 1480 2896 1479 2897 1481 2897 1480 2897 1480 2898 1481 2898 1482 2898 1481 2899 1483 2899 1482 2899 1482 2900 1483 2900 1484 2900 1483 2901 1485 2901 1484 2901 1484 2902 1485 2902 1486 2902 1485 2903 1487 2903 1486 2903 1486 2904 1487 2904 1488 2904 1487 2905 1489 2905 1488 2905 1488 2906 1489 2906 1490 2906 1489 2907 1491 2907 1490 2907 1490 2908 1491 2908 1492 2908 1491 2909 1493 2909 1492 2909 1492 2910 1493 2910 1494 2910 1493 2911 1495 2911 1494 2911 1494 2912 1495 2912 1496 2912 1495 2913 1497 2913 1496 2913 1496 2914 1497 2914 1498 2914 1497 2915 1499 2915 1498 2915 1498 2916 1499 2916 1500 2916 1499 2917 1501 2917 1500 2917 1500 2918 1501 2918 1502 2918 1501 2919 1503 2919 1502 2919 1502 2920 1503 2920 1504 2920 1503 2921 1505 2921 1504 2921 1504 2922 1505 2922 1506 2922 1505 2923 1507 2923 1506 2923 1506 2924 1507 2924 1508 2924 1507 2925 1509 2925 1508 2925 1508 2926 1509 2926 1510 2926 1509 2927 1511 2927 1510 2927 1510 2928 1511 2928 1512 2928 1511 2929 1513 2929 1512 2929 1512 2930 1513 2930 1514 2930 1513 2931 1515 2931 1514 2931 1514 2932 1515 2932 1516 2932 1515 2933 1517 2933 1516 2933 1516 2934 1517 2934 1518 2934 1517 2935 1519 2935 1518 2935 1518 2936 1519 2936 1520 2936 1519 2937 1521 2937 1520 2937 1520 2938 1521 2938 1522 2938 1521 2939 1523 2939 1522 2939 1522 2940 1523 2940 1524 2940 1523 2941 1525 2941 1524 2941 1524 2942 1525 2942 1526 2942 1525 2943 1527 2943 1526 2943 1526 2944 1527 2944 1528 2944 1527 2945 1529 2945 1528 2945 1528 2946 1529 2946 1530 2946 1529 2947 1531 2947 1530 2947 1530 2948 1531 2948 1532 2948 1531 2949 1533 2949 1532 2949 1532 2950 1533 2950 1534 2950 1533 2951 1535 2951 1534 2951 1534 2952 1535 2952 1536 2952 1535 2953 1537 2953 1536 2953 1536 2954 1537 2954 1538 2954 1537 2955 1539 2955 1538 2955 1538 2956 1539 2956 1426 2956 1539 2957 1424 2957 1426 2957 1429 2958 1428 2958 1540 2958 1428 2959 1541 2959 1540 2959 1427 2960 1425 2960 1542 2960 1425 2961 1543 2961 1542 2961 1542 2962 1543 2962 1544 2962 1543 2963 1545 2963 1544 2963 1544 2964 1545 2964 1546 2964 1545 2965 1547 2965 1546 2965 1546 2966 1547 2966 1548 2966 1547 2967 1549 2967 1548 2967 1548 2968 1549 2968 1550 2968 1549 2969 1551 2969 1550 2969 1550 2970 1551 2970 1552 2970 1551 2971 1553 2971 1552 2971 1552 2972 1553 2972 1554 2972 1553 2973 1555 2973 1554 2973 1554 2974 1555 2974 1556 2974 1555 2975 1557 2975 1556 2975 1556 2976 1557 2976 1558 2976 1557 2977 1559 2977 1558 2977 1558 2978 1559 2978 1560 2978 1559 2979 1561 2979 1560 2979 1560 2980 1561 2980 1562 2980 1561 2981 1563 2981 1562 2981 1562 2982 1563 2982 1564 2982 1563 2983 1565 2983 1564 2983 1564 2984 1565 2984 1566 2984 1565 2985 1567 2985 1566 2985 1566 2986 1567 2986 1568 2986 1567 2987 1569 2987 1568 2987 1568 2988 1569 2988 1570 2988 1569 2989 1571 2989 1570 2989 1570 2990 1571 2990 1572 2990 1571 2991 1573 2991 1572 2991 1572 2992 1573 2992 1574 2992 1573 2993 1575 2993 1574 2993 1574 2994 1575 2994 1576 2994 1575 2995 1577 2995 1576 2995 1576 2996 1577 2996 1578 2996 1577 2997 1579 2997 1578 2997 1578 2998 1579 2998 1580 2998 1579 2999 1581 2999 1580 2999 1580 3000 1581 3000 1582 3000 1581 3001 1583 3001 1582 3001 1582 3002 1583 3002 1584 3002 1583 3003 1585 3003 1584 3003 1584 3004 1585 3004 1586 3004 1585 3005 1587 3005 1586 3005 1586 3006 1587 3006 1588 3006 1587 3007 1589 3007 1588 3007 1588 3008 1589 3008 1590 3008 1589 3009 1591 3009 1590 3009 1590 3010 1591 3010 1592 3010 1591 3011 1593 3011 1592 3011 1592 3012 1593 3012 1594 3012 1593 3013 1595 3013 1594 3013 1594 3014 1595 3014 1596 3014 1595 3015 1597 3015 1596 3015 1596 3016 1597 3016 1598 3016 1597 3017 1599 3017 1598 3017 1598 3018 1599 3018 1600 3018 1599 3019 1601 3019 1600 3019 1600 3020 1601 3020 1602 3020 1601 3021 1603 3021 1602 3021 1602 3022 1603 3022 1604 3022 1603 3023 1605 3023 1604 3023 1604 3024 1605 3024 1606 3024 1605 3025 1607 3025 1606 3025 1606 3026 1607 3026 1608 3026 1607 3027 1609 3027 1608 3027 1608 3028 1609 3028 1610 3028 1609 3029 1611 3029 1610 3029 1610 3030 1611 3030 1612 3030 1611 3031 1613 3031 1612 3031 1612 3032 1613 3032 1614 3032 1613 3033 1615 3033 1614 3033 1614 3034 1615 3034 1616 3034 1615 3035 1617 3035 1616 3035 1616 3036 1617 3036 1618 3036 1617 3037 1619 3037 1618 3037 1618 3038 1619 3038 1620 3038 1619 3039 1621 3039 1620 3039 1620 3040 1621 3040 1622 3040 1621 3041 1623 3041 1622 3041 1622 3042 1623 3042 1624 3042 1623 3043 1625 3043 1624 3043 1624 3044 1625 3044 1626 3044 1625 3045 1627 3045 1626 3045 1626 3046 1627 3046 1628 3046 1627 3047 1629 3047 1628 3047 1628 3048 1629 3048 1630 3048 1629 3049 1631 3049 1630 3049 1630 3050 1631 3050 1632 3050 1631 3051 1633 3051 1632 3051 1632 3052 1633 3052 1634 3052 1633 3053 1635 3053 1634 3053 1634 3054 1635 3054 1636 3054 1635 3055 1637 3055 1636 3055 1636 3056 1637 3056 1638 3056 1637 3057 1639 3057 1638 3057 1638 3058 1639 3058 1640 3058 1639 3059 1641 3059 1640 3059 1640 3060 1641 3060 1642 3060 1641 3061 1643 3061 1642 3061 1642 3062 1643 3062 1644 3062 1643 3063 1645 3063 1644 3063 1644 3064 1645 3064 1646 3064 1645 3065 1647 3065 1646 3065 1646 3066 1647 3066 1648 3066 1647 3067 1649 3067 1648 3067 1648 3068 1649 3068 1650 3068 1649 3069 1651 3069 1650 3069 1650 3070 1651 3070 1541 3070 1651 3071 1540 3071 1541 3071 1652 3072 1653 3072 1654 3072 1653 3073 1655 3073 1654 3073 1654 3074 1655 3074 1656 3074 1655 3075 1657 3075 1656 3075 1656 3076 1657 3076 1658 3076 1657 3077 1659 3077 1658 3077 1658 3078 1659 3078 1660 3078 1659 3079 1661 3079 1660 3079 1660 3080 1661 3080 1662 3080 1661 3081 1663 3081 1662 3081 1662 3082 1663 3082 1664 3082 1663 3083 1665 3083 1664 3083 1664 3084 1665 3084 1666 3084 1665 3085 1667 3085 1666 3085 1666 3086 1667 3086 1668 3086 1667 3087 1669 3087 1668 3087 1668 3088 1669 3088 1670 3088 1669 3089 1671 3089 1670 3089 1670 3090 1671 3090 1672 3090 1671 3091 1673 3091 1672 3091 1672 3092 1673 3092 1674 3092 1673 3093 1675 3093 1674 3093 1674 3094 1675 3094 1676 3094 1675 3095 1677 3095 1676 3095 1676 3096 1677 3096 1678 3096 1677 3097 1679 3097 1678 3097 1678 3098 1679 3098 1680 3098 1679 3099 1681 3099 1680 3099 1680 3100 1681 3100 1682 3100 1681 3101 1683 3101 1682 3101 1682 3102 1683 3102 1684 3102 1683 3103 1685 3103 1684 3103 1684 3104 1685 3104 1686 3104 1685 3105 1687 3105 1686 3105 1686 3106 1687 3106 1688 3106 1687 3107 1689 3107 1688 3107 1688 3108 1689 3108 1690 3108 1689 3109 1691 3109 1690 3109 1690 3110 1691 3110 1692 3110 1691 3111 1693 3111 1692 3111 1692 3112 1693 3112 1694 3112 1693 3113 1695 3113 1694 3113 1694 3114 1695 3114 1696 3114 1695 3115 1697 3115 1696 3115 1696 3116 1697 3116 1698 3116 1697 3117 1699 3117 1698 3117 1698 3118 1699 3118 1700 3118 1699 3119 1701 3119 1700 3119 1700 3120 1701 3120 1702 3120 1701 3121 1703 3121 1702 3121 1702 3122 1703 3122 1704 3122 1703 3123 1705 3123 1704 3123 1704 3124 1705 3124 1706 3124 1705 3125 1707 3125 1706 3125 1706 3126 1707 3126 1708 3126 1707 3127 1709 3127 1708 3127 1708 3128 1709 3128 1710 3128 1709 3129 1711 3129 1710 3129 1710 3130 1711 3130 1712 3130 1711 3131 1713 3131 1712 3131 1712 3132 1713 3132 1714 3132 1713 3133 1715 3133 1714 3133 1714 3134 1715 3134 1716 3134 1715 3135 1717 3135 1716 3135 1716 3136 1717 3136 1718 3136 1717 3137 1719 3137 1718 3137 1718 3138 1719 3138 1720 3138 1719 3139 1721 3139 1720 3139 1720 3140 1721 3140 1722 3140 1721 3141 1723 3141 1722 3141 1722 3142 1723 3142 1724 3142 1723 3143 1725 3143 1724 3143 1724 3144 1725 3144 1726 3144 1725 3145 1727 3145 1726 3145 1726 3146 1727 3146 1728 3146 1727 3147 1729 3147 1728 3147 1728 3148 1729 3148 1730 3148 1729 3149 1731 3149 1730 3149 1730 3150 1731 3150 1732 3150 1731 3151 1733 3151 1732 3151 1732 3152 1733 3152 1734 3152 1733 3153 1735 3153 1734 3153 1734 3154 1735 3154 1736 3154 1735 3155 1737 3155 1736 3155 1736 3156 1737 3156 1738 3156 1737 3157 1739 3157 1738 3157 1738 3158 1739 3158 1740 3158 1739 3159 1741 3159 1740 3159 1740 3160 1741 3160 1742 3160 1741 3161 1743 3161 1742 3161 1742 3162 1743 3162 1744 3162 1743 3163 1745 3163 1744 3163 1744 3164 1745 3164 1746 3164 1745 3165 1747 3165 1746 3165 1746 3166 1747 3166 1748 3166 1747 3167 1749 3167 1748 3167 1748 3168 1749 3168 1750 3168 1749 3169 1751 3169 1750 3169 1750 3170 1751 3170 1752 3170 1751 3171 1753 3171 1752 3171 1752 3172 1753 3172 1754 3172 1753 3173 1755 3173 1754 3173 1754 3174 1755 3174 1756 3174 1755 3175 1757 3175 1756 3175 1756 3176 1757 3176 1758 3176 1757 3177 1759 3177 1758 3177 1758 3178 1759 3178 1760 3178 1759 3179 1761 3179 1760 3179 1760 3180 1761 3180 1762 3180 1761 3181 1763 3181 1762 3181 1762 3182 1763 3182 1764 3182 1763 3183 1765 3183 1764 3183 1766 3184 1767 3184 1768 3184 1767 3185 1769 3185 1768 3185 1768 3186 1769 3186 1770 3186 1769 3187 1771 3187 1770 3187 1770 3188 1771 3188 1772 3188 1771 3189 1773 3189 1772 3189 1772 3190 1773 3190 1774 3190 1773 3191 1775 3191 1774 3191 1774 3192 1775 3192 1776 3192 1775 3193 1777 3193 1776 3193 1776 3194 1777 3194 1778 3194 1777 3195 1779 3195 1778 3195 1778 3196 1779 3196 1780 3196 1779 3197 1781 3197 1780 3197 1780 3198 1781 3198 1782 3198 1781 3199 1783 3199 1782 3199 1782 3200 1783 3200 1784 3200 1783 3201 1785 3201 1784 3201 1784 3202 1785 3202 1786 3202 1785 3203 1787 3203 1786 3203 1786 3204 1787 3204 1788 3204 1787 3205 1789 3205 1788 3205 1788 3206 1789 3206 1790 3206 1789 3207 1791 3207 1790 3207 1790 3208 1791 3208 1792 3208 1791 3209 1793 3209 1792 3209 1792 3210 1793 3210 1794 3210 1793 3211 1795 3211 1794 3211 1794 3212 1795 3212 1796 3212 1795 3213 1797 3213 1796 3213 1796 3214 1797 3214 1798 3214 1797 3215 1799 3215 1798 3215 1798 3216 1799 3216 1800 3216 1799 3217 1801 3217 1800 3217 1800 3218 1801 3218 1802 3218 1801 3219 1803 3219 1802 3219 1802 3220 1803 3220 1804 3220 1803 3221 1805 3221 1804 3221 1804 3222 1805 3222 1806 3222 1805 3223 1807 3223 1806 3223 1806 3224 1807 3224 1808 3224 1807 3225 1809 3225 1808 3225 1808 3226 1809 3226 1810 3226 1809 3227 1811 3227 1810 3227 1810 3228 1811 3228 1812 3228 1811 3229 1813 3229 1812 3229 1812 3230 1813 3230 1814 3230 1813 3231 1815 3231 1814 3231 1814 3232 1815 3232 1816 3232 1815 3233 1817 3233 1816 3233 1816 3234 1817 3234 1818 3234 1817 3235 1819 3235 1818 3235 1818 3236 1819 3236 1820 3236 1819 3237 1821 3237 1820 3237 1820 3238 1821 3238 1822 3238 1821 3239 1823 3239 1822 3239 1822 3240 1823 3240 1824 3240 1823 3241 1825 3241 1824 3241 1824 3242 1825 3242 1826 3242 1825 3243 1827 3243 1826 3243 1826 3244 1827 3244 1828 3244 1827 3245 1829 3245 1828 3245 1828 3246 1829 3246 1830 3246 1829 3247 1831 3247 1830 3247 1830 3248 1831 3248 1832 3248 1831 3249 1833 3249 1832 3249 1832 3250 1833 3250 1834 3250 1833 3251 1835 3251 1834 3251 1834 3252 1835 3252 1836 3252 1835 3253 1837 3253 1836 3253 1836 3254 1837 3254 1838 3254 1837 3255 1839 3255 1838 3255 1838 3256 1839 3256 1840 3256 1839 3257 1841 3257 1840 3257 1840 3258 1841 3258 1842 3258 1841 3259 1843 3259 1842 3259 1842 3260 1843 3260 1844 3260 1843 3261 1845 3261 1844 3261 1844 3262 1845 3262 1846 3262 1845 3263 1847 3263 1846 3263 1846 3264 1847 3264 1848 3264 1847 3265 1849 3265 1848 3265 1848 3266 1849 3266 1850 3266 1849 3267 1851 3267 1850 3267 1850 3268 1851 3268 1852 3268 1851 3269 1853 3269 1852 3269 1852 3270 1853 3270 1854 3270 1853 3271 1855 3271 1854 3271 1854 3272 1855 3272 1856 3272 1855 3273 1857 3273 1856 3273 1856 3274 1857 3274 1858 3274 1857 3275 1859 3275 1858 3275 1858 3276 1859 3276 1860 3276 1859 3277 1861 3277 1860 3277 1860 3278 1861 3278 1862 3278 1861 3279 1863 3279 1862 3279 1862 3280 1863 3280 1864 3280 1863 3281 1865 3281 1864 3281 1864 3282 1865 3282 1866 3282 1865 3283 1867 3283 1866 3283 1866 3284 1867 3284 1868 3284 1867 3285 1869 3285 1868 3285 1868 3286 1869 3286 1870 3286 1869 3287 1871 3287 1870 3287 1870 3288 1871 3288 1872 3288 1871 3289 1873 3289 1872 3289 1872 3290 1873 3290 1874 3290 1873 3291 1875 3291 1874 3291 1874 3292 1875 3292 1876 3292 1875 3293 1877 3293 1876 3293 1876 3294 1877 3294 1878 3294 1877 3295 1879 3295 1878 3295 1879 3296 1653 3296 1878 3296 1653 3297 1652 3297 1878 3297 1588 3298 1590 3298 1880 3298 1598 3299 1600 3299 1881 3299 1600 3300 1602 3300 1881 3300 1602 3301 1604 3301 1881 3301 1881 3302 1604 3302 1606 3302 1582 3303 1584 3303 1880 3303 1584 3304 1586 3304 1880 3304 1880 3305 1586 3305 1588 3305 1590 3306 1592 3306 1880 3306 1592 3307 1594 3307 1880 3307 1880 3308 1594 3308 1881 3308 1594 3309 1596 3309 1881 3309 1881 3310 1596 3310 1598 3310 1693 3311 1691 3311 1882 3311 1606 3312 1608 3312 1881 3312 1608 3313 1610 3313 1881 3313 1881 3314 1610 3314 1612 3314 1444 3315 1446 3315 1823 3315 1446 3316 1448 3316 1823 3316 1448 3317 1450 3317 1823 3317 1823 3318 1450 3318 1452 3318 1476 3319 1871 3319 1474 3319 1871 3320 1869 3320 1474 3320 1855 3321 1853 3321 1474 3321 1855 3322 1474 3322 1857 3322 1452 3323 1454 3323 1823 3323 1454 3324 1456 3324 1823 3324 1823 3325 1456 3325 1458 3325 1735 3326 1733 3326 1883 3326 1733 3327 1731 3327 1883 3327 1731 3328 1729 3328 1883 3328 1883 3329 1729 3329 1727 3329 1823 3330 1436 3330 1438 3330 1829 3331 1827 3331 1474 3331 1827 3332 1825 3332 1474 3332 1474 3333 1825 3333 1472 3333 1825 3334 1823 3334 1472 3334 1472 3335 1823 3335 1470 3335 1612 3336 1614 3336 1881 3336 1614 3337 1616 3337 1881 3337 1881 3338 1616 3338 1618 3338 1743 3339 1741 3339 1883 3339 1727 3340 1725 3340 1883 3340 1725 3341 1723 3341 1883 3341 1883 3342 1723 3342 1721 3342 1882 3343 1701 3343 1699 3343 1685 3344 1683 3344 1882 3344 1438 3345 1440 3345 1823 3345 1440 3346 1442 3346 1823 3346 1823 3347 1442 3347 1444 3347 1869 3348 1867 3348 1474 3348 1867 3349 1865 3349 1474 3349 1474 3350 1865 3350 1863 3350 1853 3351 1851 3351 1474 3351 1851 3352 1849 3352 1474 3352 1474 3353 1849 3353 1847 3353 1847 3354 1845 3354 1474 3354 1845 3355 1843 3355 1474 3355 1474 3356 1843 3356 1841 3356 1458 3357 1460 3357 1823 3357 1460 3358 1462 3358 1823 3358 1823 3359 1462 3359 1464 3359 1741 3360 1739 3360 1883 3360 1739 3361 1737 3361 1883 3361 1883 3362 1737 3362 1735 3362 1721 3363 1719 3363 1883 3363 1719 3364 1717 3364 1883 3364 1883 3365 1717 3365 1715 3365 1707 3366 1705 3366 1882 3366 1705 3367 1703 3367 1882 3367 1882 3368 1703 3368 1701 3368 1699 3369 1697 3369 1882 3369 1697 3370 1695 3370 1882 3370 1882 3371 1695 3371 1693 3371 1570 3372 1572 3372 1880 3372 1572 3373 1574 3373 1880 3373 1880 3374 1574 3374 1576 3374 1863 3375 1861 3375 1474 3375 1861 3376 1859 3376 1474 3376 1474 3377 1859 3377 1857 3377 1464 3378 1466 3378 1823 3378 1466 3379 1468 3379 1823 3379 1823 3380 1468 3380 1470 3380 1823 3381 1821 3381 1436 3381 1821 3382 1819 3382 1436 3382 1436 3383 1819 3383 1434 3383 1755 3384 1753 3384 1883 3384 1753 3385 1751 3385 1883 3385 1883 3386 1751 3386 1749 3386 1749 3387 1747 3387 1883 3387 1747 3388 1745 3388 1883 3388 1883 3389 1745 3389 1743 3389 1715 3390 1713 3390 1883 3390 1713 3391 1711 3391 1883 3391 1883 3392 1711 3392 1882 3392 1711 3393 1709 3393 1882 3393 1882 3394 1709 3394 1707 3394 1476 3395 1478 3395 1871 3395 1478 3396 1480 3396 1871 3396 1871 3397 1480 3397 1482 3397 1482 3398 1484 3398 1871 3398 1484 3399 1486 3399 1871 3399 1871 3400 1486 3400 1488 3400 1498 3401 1500 3401 1882 3401 1576 3402 1578 3402 1880 3402 1578 3403 1580 3403 1880 3403 1880 3404 1580 3404 1582 3404 1841 3405 1839 3405 1474 3405 1839 3406 1837 3406 1474 3406 1474 3407 1837 3407 1835 3407 1835 3408 1833 3408 1474 3408 1833 3409 1831 3409 1474 3409 1474 3410 1831 3410 1829 3410 1691 3411 1689 3411 1882 3411 1689 3412 1687 3412 1882 3412 1882 3413 1687 3413 1685 3413 1791 3414 1881 3414 1793 3414 1881 3415 1795 3415 1793 3415 1791 3416 1789 3416 1881 3416 1789 3417 1787 3417 1881 3417 1881 3418 1787 3418 1785 3418 1516 3419 1882 3419 1514 3419 1882 3420 1512 3420 1514 3420 1882 3421 1522 3421 1524 3421 1618 3422 1620 3422 1881 3422 1620 3423 1622 3423 1881 3423 1881 3424 1622 3424 1624 3424 1636 3425 1638 3425 1881 3425 1638 3426 1640 3426 1881 3426 1807 3427 1881 3427 1809 3427 1881 3428 1811 3428 1809 3428 1807 3429 1805 3429 1881 3429 1805 3430 1803 3430 1881 3430 1881 3431 1803 3431 1801 3431 1801 3432 1799 3432 1881 3432 1799 3433 1797 3433 1881 3433 1881 3434 1797 3434 1795 3434 1500 3435 1502 3435 1882 3435 1502 3436 1504 3436 1882 3436 1882 3437 1504 3437 1506 3437 1506 3438 1508 3438 1882 3438 1508 3439 1510 3439 1882 3439 1882 3440 1510 3440 1512 3440 1516 3441 1518 3441 1882 3441 1518 3442 1520 3442 1882 3442 1882 3443 1520 3443 1522 3443 1630 3444 1632 3444 1881 3444 1632 3445 1634 3445 1881 3445 1881 3446 1634 3446 1636 3446 1883 3447 1777 3447 1775 3447 1883 3448 1769 3448 1767 3448 1761 3449 1759 3449 1883 3449 1759 3450 1757 3450 1883 3450 1883 3451 1757 3451 1755 3451 1683 3452 1681 3452 1882 3452 1681 3453 1679 3453 1882 3453 1882 3454 1679 3454 1677 3454 1882 3455 1665 3455 1663 3455 1663 3456 1661 3456 1882 3456 1661 3457 1659 3457 1882 3457 1882 3458 1659 3458 1657 3458 1624 3459 1626 3459 1881 3459 1626 3460 1628 3460 1881 3460 1881 3461 1628 3461 1630 3461 1819 3462 1817 3462 1434 3462 1817 3463 1815 3463 1434 3463 1434 3464 1815 3464 1813 3464 1785 3465 1783 3465 1881 3465 1783 3466 1781 3466 1881 3466 1881 3467 1781 3467 1883 3467 1781 3468 1779 3468 1883 3468 1883 3469 1779 3469 1777 3469 1775 3470 1773 3470 1883 3470 1773 3471 1771 3471 1883 3471 1883 3472 1771 3472 1769 3472 1767 3473 1765 3473 1883 3473 1765 3474 1763 3474 1883 3474 1883 3475 1763 3475 1761 3475 1677 3476 1675 3476 1882 3476 1675 3477 1673 3477 1882 3477 1882 3478 1673 3478 1671 3478 1640 3479 1642 3479 1881 3479 1642 3480 1644 3480 1881 3480 1881 3481 1644 3481 1646 3481 1432 3482 1434 3482 1881 3482 1434 3483 1813 3483 1881 3483 1881 3484 1813 3484 1811 3484 1671 3485 1669 3485 1882 3485 1669 3486 1667 3486 1882 3486 1882 3487 1667 3487 1665 3487 1532 3488 1534 3488 1880 3488 1534 3489 1536 3489 1880 3489 1880 3490 1536 3490 1538 3490 1880 3491 1556 3491 1558 3491 1558 3492 1560 3492 1880 3492 1560 3493 1562 3493 1880 3493 1880 3494 1562 3494 1564 3494 1646 3495 1648 3495 1881 3495 1648 3496 1650 3496 1881 3496 1881 3497 1650 3497 1541 3497 1657 3498 1655 3498 1882 3498 1655 3499 1653 3499 1882 3499 1882 3500 1653 3500 1879 3500 1879 3501 1877 3501 1882 3501 1877 3502 1875 3502 1882 3502 1882 3503 1875 3503 1873 3503 1524 3504 1526 3504 1882 3504 1526 3505 1528 3505 1882 3505 1882 3506 1528 3506 1880 3506 1528 3507 1530 3507 1880 3507 1880 3508 1530 3508 1532 3508 1542 3509 1544 3509 1880 3509 1544 3510 1546 3510 1880 3510 1546 3511 1548 3511 1880 3511 1880 3512 1548 3512 1550 3512 1550 3513 1552 3513 1880 3513 1552 3514 1554 3514 1880 3514 1880 3515 1554 3515 1556 3515 1564 3516 1566 3516 1880 3516 1566 3517 1568 3517 1880 3517 1880 3518 1568 3518 1570 3518 1541 3519 1428 3519 1881 3519 1428 3520 1430 3520 1881 3520 1881 3521 1430 3521 1432 3521 1488 3522 1490 3522 1871 3522 1490 3523 1492 3523 1871 3523 1871 3524 1492 3524 1873 3524 1492 3525 1494 3525 1873 3525 1873 3526 1494 3526 1882 3526 1494 3527 1496 3527 1882 3527 1882 3528 1496 3528 1498 3528 1538 3529 1426 3529 1880 3529 1426 3530 1427 3530 1880 3530 1880 3531 1427 3531 1542 3531 1767 3532 1766 3532 1765 3532 1766 3533 1764 3533 1765 3533 1609 3534 1607 3534 1884 3534 1585 3535 1583 3535 1885 3535 1593 3536 1591 3536 1885 3536 1591 3537 1589 3537 1885 3537 1589 3538 1587 3538 1885 3538 1885 3539 1587 3539 1585 3539 1724 3540 1726 3540 1886 3540 1615 3541 1613 3541 1884 3541 1613 3542 1611 3542 1884 3542 1884 3543 1611 3543 1609 3543 1607 3544 1605 3544 1884 3544 1605 3545 1603 3545 1884 3545 1884 3546 1603 3546 1601 3546 1525 3547 1523 3547 1887 3547 1692 3548 1694 3548 1887 3548 1694 3549 1696 3549 1887 3549 1887 3550 1696 3550 1698 3550 1698 3551 1700 3551 1887 3551 1700 3552 1702 3552 1887 3552 1887 3553 1702 3553 1704 3553 1712 3554 1714 3554 1886 3554 1714 3555 1716 3555 1886 3555 1886 3556 1716 3556 1718 3556 1886 3557 1475 3557 1473 3557 1623 3558 1621 3558 1884 3558 1601 3559 1599 3559 1884 3559 1599 3560 1597 3560 1884 3560 1884 3561 1597 3561 1885 3561 1597 3562 1595 3562 1885 3562 1885 3563 1595 3563 1593 3563 1583 3564 1581 3564 1885 3564 1581 3565 1579 3565 1885 3565 1885 3566 1579 3566 1577 3566 1704 3567 1706 3567 1887 3567 1706 3568 1708 3568 1887 3568 1887 3569 1708 3569 1886 3569 1708 3570 1710 3570 1886 3570 1886 3571 1710 3571 1712 3571 1718 3572 1720 3572 1886 3572 1720 3573 1722 3573 1886 3573 1886 3574 1722 3574 1724 3574 1726 3575 1728 3575 1886 3575 1728 3576 1730 3576 1886 3576 1886 3577 1730 3577 1732 3577 1473 3578 1471 3578 1886 3578 1471 3579 1469 3579 1886 3579 1886 3580 1469 3580 1467 3580 1461 3581 1459 3581 1886 3581 1621 3582 1619 3582 1884 3582 1619 3583 1617 3583 1884 3583 1884 3584 1617 3584 1615 3584 1887 3585 1517 3585 1515 3585 1680 3586 1682 3586 1887 3586 1682 3587 1684 3587 1887 3587 1887 3588 1684 3588 1686 3588 1774 3589 1776 3589 1485 3589 1774 3590 1485 3590 1772 3590 1776 3591 1778 3591 1485 3591 1778 3592 1780 3592 1485 3592 1485 3593 1780 3593 1782 3593 1782 3594 1784 3594 1485 3594 1784 3595 1786 3595 1485 3595 1485 3596 1786 3596 1788 3596 1732 3597 1734 3597 1886 3597 1734 3598 1736 3598 1886 3598 1886 3599 1736 3599 1738 3599 1738 3600 1740 3600 1886 3600 1740 3601 1742 3601 1886 3601 1886 3602 1742 3602 1744 3602 1459 3603 1457 3603 1886 3603 1457 3604 1455 3604 1886 3604 1886 3605 1455 3605 1453 3605 1637 3606 1635 3606 1884 3606 1577 3607 1575 3607 1885 3607 1575 3608 1573 3608 1885 3608 1885 3609 1573 3609 1571 3609 1523 3610 1521 3610 1887 3610 1521 3611 1519 3611 1887 3611 1887 3612 1519 3612 1517 3612 1686 3613 1688 3613 1887 3613 1688 3614 1690 3614 1887 3614 1887 3615 1690 3615 1692 3615 1840 3616 1842 3616 1493 3616 1842 3617 1844 3617 1493 3617 1850 3618 1852 3618 1493 3618 1852 3619 1854 3619 1493 3619 1493 3620 1854 3620 1856 3620 1744 3621 1746 3621 1886 3621 1746 3622 1748 3622 1886 3622 1886 3623 1748 3623 1750 3623 1483 3624 1768 3624 1485 3624 1768 3625 1770 3625 1485 3625 1485 3626 1770 3626 1772 3626 1515 3627 1513 3627 1887 3627 1513 3628 1511 3628 1887 3628 1887 3629 1511 3629 1509 3629 1509 3630 1507 3630 1887 3630 1507 3631 1505 3631 1887 3631 1887 3632 1505 3632 1503 3632 1672 3633 1674 3633 1887 3633 1788 3634 1790 3634 1485 3634 1790 3635 1792 3635 1485 3635 1485 3636 1792 3636 1794 3636 1820 3637 1822 3637 1489 3637 1822 3638 1824 3638 1489 3638 1489 3639 1824 3639 1826 3639 1828 3640 1493 3640 1826 3640 1493 3641 1491 3641 1826 3641 1826 3642 1491 3642 1489 3642 1844 3643 1846 3643 1493 3643 1846 3644 1848 3644 1493 3644 1493 3645 1848 3645 1850 3645 1856 3646 1858 3646 1493 3646 1858 3647 1860 3647 1493 3647 1493 3648 1860 3648 1862 3648 1862 3649 1864 3649 1493 3649 1864 3650 1866 3650 1493 3650 1493 3651 1866 3651 1868 3651 1750 3652 1752 3652 1886 3652 1752 3653 1754 3653 1886 3653 1886 3654 1754 3654 1756 3654 1467 3655 1465 3655 1886 3655 1465 3656 1463 3656 1886 3656 1886 3657 1463 3657 1461 3657 1453 3658 1451 3658 1886 3658 1451 3659 1449 3659 1886 3659 1886 3660 1449 3660 1447 3660 1533 3661 1531 3661 1887 3661 1868 3662 1870 3662 1493 3662 1870 3663 1872 3663 1493 3663 1493 3664 1872 3664 1495 3664 1660 3665 1887 3665 1658 3665 1887 3666 1656 3666 1658 3666 1674 3667 1676 3667 1887 3667 1676 3668 1678 3668 1887 3668 1887 3669 1678 3669 1680 3669 1794 3670 1796 3670 1485 3670 1796 3671 1798 3671 1485 3671 1485 3672 1798 3672 1800 3672 1800 3673 1802 3673 1485 3673 1802 3674 1804 3674 1485 3674 1485 3675 1804 3675 1806 3675 1806 3676 1808 3676 1485 3676 1808 3677 1810 3677 1485 3677 1485 3678 1810 3678 1812 3678 1812 3679 1814 3679 1485 3679 1814 3680 1816 3680 1485 3680 1485 3681 1816 3681 1818 3681 1828 3682 1830 3682 1493 3682 1830 3683 1832 3683 1493 3683 1493 3684 1832 3684 1834 3684 1649 3685 1647 3685 1884 3685 1647 3686 1645 3686 1884 3686 1884 3687 1645 3687 1643 3687 1643 3688 1641 3688 1884 3688 1641 3689 1639 3689 1884 3689 1884 3690 1639 3690 1637 3690 1635 3691 1633 3691 1884 3691 1633 3692 1631 3692 1884 3692 1884 3693 1631 3693 1629 3693 1571 3694 1569 3694 1885 3694 1569 3695 1567 3695 1885 3695 1885 3696 1567 3696 1565 3696 1531 3697 1529 3697 1887 3697 1529 3698 1527 3698 1887 3698 1887 3699 1527 3699 1525 3699 1660 3700 1662 3700 1887 3700 1662 3701 1664 3701 1887 3701 1887 3702 1664 3702 1666 3702 1820 3703 1489 3703 1818 3703 1489 3704 1487 3704 1818 3704 1818 3705 1487 3705 1485 3705 1834 3706 1836 3706 1493 3706 1836 3707 1838 3707 1493 3707 1493 3708 1838 3708 1840 3708 1756 3709 1758 3709 1886 3709 1758 3710 1760 3710 1886 3710 1886 3711 1760 3711 1762 3711 1447 3712 1445 3712 1886 3712 1445 3713 1443 3713 1886 3713 1886 3714 1443 3714 1441 3714 1629 3715 1627 3715 1884 3715 1627 3716 1625 3716 1884 3716 1884 3717 1625 3717 1623 3717 1565 3718 1563 3718 1885 3718 1563 3719 1561 3719 1885 3719 1885 3720 1561 3720 1559 3720 1559 3721 1557 3721 1885 3721 1557 3722 1555 3722 1885 3722 1885 3723 1555 3723 1553 3723 1553 3724 1551 3724 1885 3724 1551 3725 1549 3725 1885 3725 1885 3726 1549 3726 1547 3726 1503 3727 1501 3727 1887 3727 1501 3728 1499 3728 1887 3728 1887 3729 1499 3729 1872 3729 1499 3730 1497 3730 1872 3730 1872 3731 1497 3731 1495 3731 1872 3732 1874 3732 1887 3732 1874 3733 1876 3733 1887 3733 1887 3734 1876 3734 1878 3734 1666 3735 1668 3735 1887 3735 1668 3736 1670 3736 1887 3736 1887 3737 1670 3737 1672 3737 1762 3738 1764 3738 1886 3738 1764 3739 1766 3739 1886 3739 1886 3740 1766 3740 1768 3740 1441 3741 1439 3741 1886 3741 1439 3742 1437 3742 1886 3742 1886 3743 1437 3743 1884 3743 1437 3744 1435 3744 1884 3744 1435 3745 1433 3745 1884 3745 1433 3746 1431 3746 1884 3746 1884 3747 1431 3747 1429 3747 1533 3748 1887 3748 1535 3748 1887 3749 1885 3749 1535 3749 1535 3750 1885 3750 1537 3750 1878 3751 1652 3751 1887 3751 1652 3752 1654 3752 1887 3752 1887 3753 1654 3753 1656 3753 1483 3754 1481 3754 1768 3754 1481 3755 1479 3755 1768 3755 1768 3756 1479 3756 1886 3756 1479 3757 1477 3757 1886 3757 1886 3758 1477 3758 1475 3758 1429 3759 1540 3759 1884 3759 1540 3760 1651 3760 1884 3760 1884 3761 1651 3761 1649 3761 1547 3762 1545 3762 1885 3762 1545 3763 1543 3763 1885 3763 1885 3764 1543 3764 1425 3764 1425 3765 1424 3765 1885 3765 1424 3766 1539 3766 1885 3766 1885 3767 1539 3767 1537 3767 1886 3768 1884 3768 1883 3768 1884 3769 1881 3769 1883 3769 1887 3770 1886 3770 1882 3770 1886 3771 1883 3771 1882 3771 1885 3772 1887 3772 1880 3772 1887 3773 1882 3773 1880 3773 1884 3774 1885 3774 1881 3774 1885 3775 1880 3775 1881 3775 1888 3776 1889 3776 1890 3776 1889 3777 1891 3777 1890 3777 1892 3778 1893 3778 1894 3778 1893 3779 1895 3779 1894 3779 1895 3780 1893 3780 1890 3780 1893 3781 1888 3781 1890 3781 1893 3782 1892 3782 1888 3782 1892 3783 1889 3783 1888 3783 1894 3784 1895 3784 1891 3784 1895 3785 1890 3785 1891 3785 1892 3786 1894 3786 1889 3786 1894 3787 1891 3787 1889 3787 1896 3788 1897 3788 1898 3788 1897 3789 1899 3789 1898 3789 1900 3790 1901 3790 1902 3790 1901 3791 1903 3791 1902 3791 1903 3792 1901 3792 1898 3792 1901 3793 1896 3793 1898 3793 1901 3794 1900 3794 1896 3794 1900 3795 1897 3795 1896 3795 1902 3796 1903 3796 1899 3796 1903 3797 1898 3797 1899 3797 1900 3798 1902 3798 1897 3798 1902 3799 1899 3799 1897 3799</p>
                </triangles>
            </mesh>
        </geometry>
    </library_geometries>
    <library_visual_scenes>
        <visual_scene id="VisualSceneNode" name="VisualScene">
            <node id="node" name="node">
                <instance_geometry url="#shape0-lib"/>
            </node>
        </visual_scene>
    </library_visual_scenes>
    <scene>
        <instance_visual_scene url="#VisualSceneNode"/>
    </scene>
</COLLADA>
